[
{
    "model": "auth.user",
    "fields": {
        "password": "pbkdf2_sha256$150000$3gRd3aivov77$TwP3yHFm842RTqfLntZQHJoliH19lIN+HjujoFl0tj8=",
        "last_login": "2019-06-24T18:29:33.156Z",
        "is_superuser": true,
        "username": "jailander",
        "first_name": "",
        "last_name": "",
        "email": "",
        "is_staff": true,
        "is_active": true,
        "date_joined": "2019-06-24T09:43:58.224Z",
        "groups": [],
        "user_permissions": []
    }
},
{
    "model": "game_database.genre",
    "pk": 45,
    "fields": {
        "name": "First-Person Shooter"
    }
},
{
    "model": "game_database.genre",
    "pk": 46,
    "fields": {
        "name": "Action-Adventure"
    }
},
{
    "model": "game_database.genre",
    "pk": 47,
    "fields": {
        "name": "Platformer"
    }
},
{
    "model": "game_database.genre",
    "pk": 48,
    "fields": {
        "name": "Puzzle"
    }
},
{
    "model": "game_database.genre",
    "pk": 49,
    "fields": {
        "name": "Role-Playing"
    }
},
{
    "model": "game_database.genre",
    "pk": 50,
    "fields": {
        "name": "Action"
    }
},
{
    "model": "game_database.genre",
    "pk": 51,
    "fields": {
        "name": "Simulation"
    }
},
{
    "model": "game_database.genre",
    "pk": 52,
    "fields": {
        "name": "Shooter"
    }
},
{
    "model": "game_database.genre",
    "pk": 53,
    "fields": {
        "name": "Adventure"
    }
},
{
    "model": "game_database.genre",
    "pk": 54,
    "fields": {
        "name": "Real-Time Strategy"
    }
},
{
    "model": "game_database.genre",
    "pk": 55,
    "fields": {
        "name": "Strategy"
    }
},
{
    "model": "game_database.genre",
    "pk": 56,
    "fields": {
        "name": "Fighting"
    }
},
{
    "model": "game_database.genre",
    "pk": 57,
    "fields": {
        "name": "Brawler"
    }
},
{
    "model": "game_database.genre",
    "pk": 58,
    "fields": {
        "name": "Educational"
    }
},
{
    "model": "game_database.genre",
    "pk": 59,
    "fields": {
        "name": "Card Game"
    }
},
{
    "model": "game_database.genre",
    "pk": 60,
    "fields": {
        "name": "Trivia/Board Game"
    }
},
{
    "model": "game_database.genre",
    "pk": 61,
    "fields": {
        "name": "Driving/Racing"
    }
},
{
    "model": "game_database.genre",
    "pk": 62,
    "fields": {
        "name": "Shoot 'Em Up"
    }
},
{
    "model": "game_database.genre",
    "pk": 63,
    "fields": {
        "name": "Music/Rhythm"
    }
},
{
    "model": "game_database.genre",
    "pk": 64,
    "fields": {
        "name": "Vehicular Combat"
    }
},
{
    "model": "game_database.genre",
    "pk": 65,
    "fields": {
        "name": "Compilation"
    }
},
{
    "model": "game_database.genre",
    "pk": 66,
    "fields": {
        "name": "Dual-Joystick Shooter"
    }
},
{
    "model": "game_database.genre",
    "pk": 67,
    "fields": {
        "name": "Text Adventure"
    }
},
{
    "model": "game_database.game",
    "pk": 233,
    "fields": {
        "title": "Shadow Warrior",
        "db_id": "42610",
        "main_time": 8.0,
        "extra_time": 15.0,
        "completion_time": 21.5,
        "release_date": null,
        "update": false,
        "genres": [
            45
        ]
    }
},
{
    "model": "game_database.game",
    "pk": 234,
    "fields": {
        "title": "Thief",
        "db_id": "26400",
        "main_time": 21.0,
        "extra_time": 26.0,
        "completion_time": 36.0,
        "release_date": null,
        "update": false,
        "genres": [
            46
        ]
    }
},
{
    "model": "game_database.game",
    "pk": 235,
    "fields": {
        "title": "DmC Devil May Cry",
        "db_id": "32686",
        "main_time": 9.0,
        "extra_time": 11.5,
        "completion_time": 39.5,
        "release_date": null,
        "update": false,
        "genres": [
            46
        ]
    }
},
{
    "model": "game_database.game",
    "pk": 236,
    "fields": {
        "title": "Doom",
        "db_id": "20654",
        "main_time": 11.0,
        "extra_time": 13.0,
        "completion_time": 15.5,
        "release_date": null,
        "update": false,
        "genres": [
            45
        ]
    }
},
{
    "model": "game_database.game",
    "pk": 237,
    "fields": {
        "title": "Assassin's Creed IV: Black Flag",
        "db_id": "41518",
        "main_time": 22.5,
        "extra_time": 40.5,
        "completion_time": 57.5,
        "release_date": null,
        "update": false,
        "genres": [
            46,
            47
        ]
    }
},
{
    "model": "game_database.game",
    "pk": 238,
    "fields": {
        "title": "Portal",
        "db_id": "21170",
        "main_time": 3.0,
        "extra_time": 5.0,
        "completion_time": 9.5,
        "release_date": null,
        "update": false,
        "genres": [
            47,
            48
        ]
    }
},
{
    "model": "game_database.game",
    "pk": 239,
    "fields": {
        "title": "Portal 2",
        "db_id": "21662",
        "main_time": 8.5,
        "extra_time": 13.5,
        "completion_time": 19.5,
        "release_date": null,
        "update": false,
        "genres": [
            45,
            48
        ]
    }
},
{
    "model": "game_database.game",
    "pk": 240,
    "fields": {
        "title": "The Elder Scrolls V: Skyrim",
        "db_id": "33394",
        "main_time": 33.0,
        "extra_time": 107.0,
        "completion_time": 220.0,
        "release_date": null,
        "update": false,
        "genres": [
            49
        ]
    }
},
{
    "model": "game_database.game",
    "pk": 241,
    "fields": {
        "title": "Sniper Elite V2",
        "db_id": "34715",
        "main_time": 7.0,
        "extra_time": 12.5,
        "completion_time": 28.5,
        "release_date": null,
        "update": false,
        "genres": [
            50,
            51,
            52
        ]
    }
},
{
    "model": "game_database.game",
    "pk": 242,
    "fields": {
        "title": "Half-Life 2",
        "db_id": "1539",
        "main_time": 13.0,
        "extra_time": 15.5,
        "completion_time": 19.0,
        "release_date": null,
        "update": false,
        "genres": [
            45
        ]
    }
},
{
    "model": "game_database.game",
    "pk": 243,
    "fields": {
        "title": "Brothers: A Tale of Two Sons",
        "db_id": "39854",
        "main_time": 3.0,
        "extra_time": 3.5,
        "completion_time": 4.0,
        "release_date": null,
        "update": false,
        "genres": [
            48,
            53
        ]
    }
},
{
    "model": "game_database.game",
    "pk": 244,
    "fields": {
        "title": "Gunpoint",
        "db_id": "36961",
        "main_time": 3.0,
        "extra_time": 4.0,
        "completion_time": 6.5,
        "release_date": null,
        "update": false,
        "genres": [
            48,
            50,
            53
        ]
    }
},
{
    "model": "game_database.game",
    "pk": 245,
    "fields": {
        "title": "Half-Life 2: Episode One",
        "db_id": "14328",
        "main_time": 4.0,
        "extra_time": 4.0,
        "completion_time": 5.0,
        "release_date": null,
        "update": false,
        "genres": [
            45,
            46
        ]
    }
},
{
    "model": "game_database.game",
    "pk": 246,
    "fields": {
        "title": "SteamWorld Dig",
        "db_id": "43416",
        "main_time": 5.0,
        "extra_time": 6.5,
        "completion_time": 8.0,
        "release_date": null,
        "update": false,
        "genres": [
            46,
            47
        ]
    }
},
{
    "model": "game_database.game",
    "pk": 247,
    "fields": {
        "title": "Rogue Legacy",
        "db_id": "42828",
        "main_time": 16.5,
        "extra_time": 25.5,
        "completion_time": 38.0,
        "release_date": null,
        "update": false,
        "genres": [
            46,
            47,
            49
        ]
    }
},
{
    "model": "game_database.game",
    "pk": 248,
    "fields": {
        "title": "Super Meat Boy",
        "db_id": "25114",
        "main_time": 10.0,
        "extra_time": 17.5,
        "completion_time": 46.5,
        "release_date": null,
        "update": false,
        "genres": [
            47
        ]
    }
},
{
    "model": "game_database.game",
    "pk": 249,
    "fields": {
        "title": "The Bridge",
        "db_id": "39011",
        "main_time": 4.0,
        "extra_time": 5.5,
        "completion_time": 7.5,
        "release_date": null,
        "update": false,
        "genres": [
            47,
            48
        ]
    }
},
{
    "model": "game_database.game",
    "pk": 250,
    "fields": {
        "title": "Wolfenstein: The New Order",
        "db_id": "42581",
        "main_time": 11.5,
        "extra_time": 15.5,
        "completion_time": 24.5,
        "release_date": null,
        "update": false,
        "genres": [
            45
        ]
    }
},
{
    "model": "game_database.game",
    "pk": 251,
    "fields": {
        "title": "The Vanishing of Ethan Carter",
        "db_id": "41506",
        "main_time": 4.0,
        "extra_time": 4.5,
        "completion_time": 4.5,
        "release_date": null,
        "update": false,
        "genres": [
            53
        ]
    }
},
{
    "model": "game_database.game",
    "pk": 252,
    "fields": {
        "title": "Bastion",
        "db_id": "32085",
        "main_time": 6.5,
        "extra_time": 9.0,
        "completion_time": 20.0,
        "release_date": null,
        "update": false,
        "genres": [
            49,
            50
        ]
    }
},
{
    "model": "game_database.game",
    "pk": 253,
    "fields": {
        "title": "Supreme Commander 2",
        "db_id": "24445",
        "main_time": 13.5,
        "extra_time": 23.0,
        "completion_time": 46.5,
        "release_date": null,
        "update": false,
        "genres": [
            54
        ]
    }
},
{
    "model": "game_database.game",
    "pk": 254,
    "fields": {
        "title": "Deus Ex: Human Revolution",
        "db_id": "21358",
        "main_time": 21.5,
        "extra_time": 29.5,
        "completion_time": 43.0,
        "release_date": null,
        "update": false,
        "genres": [
            45,
            49
        ]
    }
},
{
    "model": "game_database.game",
    "pk": 255,
    "fields": {
        "title": "Hitman: Absolution",
        "db_id": "26417",
        "main_time": 12.5,
        "extra_time": 20.0,
        "completion_time": 34.0,
        "release_date": null,
        "update": false,
        "genres": [
            46
        ]
    }
},
{
    "model": "game_database.game",
    "pk": 256,
    "fields": {
        "title": "Freedom Planet",
        "db_id": "39276",
        "main_time": 4.5,
        "extra_time": 8.0,
        "completion_time": 19.0,
        "release_date": null,
        "update": false,
        "genres": [
            47,
            50
        ]
    }
},
{
    "model": "game_database.game",
    "pk": 257,
    "fields": {
        "title": "Monaco: What's Yours Is Mine",
        "db_id": "30093",
        "main_time": 8.0,
        "extra_time": 16.5,
        "completion_time": 34.0,
        "release_date": null,
        "update": false,
        "genres": [
            50,
            55
        ]
    }
},
{
    "model": "game_database.game",
    "pk": 258,
    "fields": {
        "title": "Spec Ops: The Line",
        "db_id": "29445",
        "main_time": 6.0,
        "extra_time": 7.5,
        "completion_time": 15.5,
        "release_date": null,
        "update": false,
        "genres": [
            52
        ]
    }
},
{
    "model": "game_database.game",
    "pk": 259,
    "fields": {
        "title": "Alien: Isolation",
        "db_id": "44296",
        "main_time": 18.5,
        "extra_time": 23.5,
        "completion_time": 32.5,
        "release_date": null,
        "update": false,
        "genres": [
            46
        ]
    }
},
{
    "model": "game_database.game",
    "pk": 260,
    "fields": {
        "title": "Papers, Please",
        "db_id": "41931",
        "main_time": 4.5,
        "extra_time": 8.0,
        "completion_time": 16.0,
        "release_date": null,
        "update": false,
        "genres": [
            48,
            53
        ]
    }
},
{
    "model": "game_database.game",
    "pk": 261,
    "fields": {
        "title": "Hotline Miami",
        "db_id": "39452",
        "main_time": 5.0,
        "extra_time": 7.0,
        "completion_time": 14.5,
        "release_date": null,
        "update": false,
        "genres": [
            50
        ]
    }
},
{
    "model": "game_database.game",
    "pk": 262,
    "fields": {
        "title": "Tomb Raider",
        "db_id": "27312",
        "main_time": 15.5,
        "extra_time": 17.5,
        "completion_time": 18.5,
        "release_date": null,
        "update": false,
        "genres": [
            46,
            47
        ]
    }
},
{
    "model": "game_database.game",
    "pk": 263,
    "fields": {
        "title": "Grow Home",
        "db_id": "48631",
        "main_time": 2.5,
        "extra_time": 4.5,
        "completion_time": 7.5,
        "release_date": null,
        "update": false,
        "genres": [
            47
        ]
    }
},
{
    "model": "game_database.game",
    "pk": 264,
    "fields": {
        "title": "Darksiders",
        "db_id": "20991",
        "main_time": 17.0,
        "extra_time": 20.0,
        "completion_time": 27.0,
        "release_date": null,
        "update": false,
        "genres": [
            46,
            50
        ]
    }
},
{
    "model": "game_database.game",
    "pk": 265,
    "fields": {
        "title": "Mark of the Ninja",
        "db_id": "37615",
        "main_time": 8.0,
        "extra_time": 12.0,
        "completion_time": 19.5,
        "release_date": null,
        "update": false,
        "genres": [
            47,
            50
        ]
    }
},
{
    "model": "game_database.game",
    "pk": 266,
    "fields": {
        "title": "Darksiders II",
        "db_id": "29941",
        "main_time": 21.5,
        "extra_time": 28.5,
        "completion_time": 43.5,
        "release_date": null,
        "update": false,
        "genres": [
            46,
            49,
            50
        ]
    }
},
{
    "model": "game_database.game",
    "pk": 267,
    "fields": {
        "title": "XCOM: Enemy Unknown",
        "db_id": "37152",
        "main_time": 26.0,
        "extra_time": 35.5,
        "completion_time": 56.0,
        "release_date": null,
        "update": false,
        "genres": [
            55
        ]
    }
},
{
    "model": "game_database.game",
    "pk": 268,
    "fields": {
        "title": "One Finger Death Punch",
        "db_id": "43019",
        "main_time": 6.5,
        "extra_time": 10.5,
        "completion_time": 17.0,
        "release_date": null,
        "update": false,
        "genres": [
            50,
            56,
            57
        ]
    }
},
{
    "model": "game_database.game",
    "pk": 269,
    "fields": {
        "title": "Transistor",
        "db_id": "42012",
        "main_time": 6.0,
        "extra_time": 8.5,
        "completion_time": 15.5,
        "release_date": null,
        "update": false,
        "genres": [
            49,
            50,
            55
        ]
    }
},
{
    "model": "game_database.game",
    "pk": 270,
    "fields": {
        "title": "Assassin's Creed: Revelations",
        "db_id": "34975",
        "main_time": 12.5,
        "extra_time": 21.0,
        "completion_time": 35.0,
        "release_date": null,
        "update": false,
        "genres": [
            46
        ]
    }
},
{
    "model": "game_database.game",
    "pk": 271,
    "fields": {
        "title": "Never Alone",
        "db_id": "46277",
        "main_time": 3.0,
        "extra_time": 3.5,
        "completion_time": 4.0,
        "release_date": null,
        "update": false,
        "genres": [
            47,
            48,
            58
        ]
    }
},
{
    "model": "game_database.game",
    "pk": 272,
    "fields": {
        "title": "Hotline Miami 2: Wrong Number",
        "db_id": "40888",
        "main_time": 9.0,
        "extra_time": 12.5,
        "completion_time": 29.0,
        "release_date": null,
        "update": false,
        "genres": [
            50
        ]
    }
},
{
    "model": "game_database.game",
    "pk": 273,
    "fields": {
        "title": "Grey Goo",
        "db_id": "45727",
        "main_time": 15.0,
        "extra_time": 15.5,
        "completion_time": 17.0,
        "release_date": null,
        "update": false,
        "genres": [
            54
        ]
    }
},
{
    "model": "game_database.game",
    "pk": 274,
    "fields": {
        "title": "Sleeping Dogs",
        "db_id": "29441",
        "main_time": 15.5,
        "extra_time": 22.0,
        "completion_time": 34.0,
        "release_date": null,
        "update": false,
        "genres": [
            46,
            52
        ]
    }
},
{
    "model": "game_database.game",
    "pk": 275,
    "fields": {
        "title": "Life Is Strange",
        "db_id": "47342",
        "main_time": 14.0,
        "extra_time": 16.0,
        "completion_time": 18.0,
        "release_date": null,
        "update": false,
        "genres": [
            53
        ]
    }
},
{
    "model": "game_database.game",
    "pk": 276,
    "fields": {
        "title": "Limbo",
        "db_id": "30380",
        "main_time": 3.5,
        "extra_time": 4.0,
        "completion_time": 6.5,
        "release_date": null,
        "update": false,
        "genres": [
            47,
            48
        ]
    }
},
{
    "model": "game_database.game",
    "pk": 277,
    "fields": {
        "title": "Dust: An Elysian Tail",
        "db_id": "27691",
        "main_time": 10.0,
        "extra_time": 13.0,
        "completion_time": 18.0,
        "release_date": null,
        "update": false,
        "genres": [
            49,
            50,
            57
        ]
    }
},
{
    "model": "game_database.game",
    "pk": 278,
    "fields": {
        "title": "Murdered: Soul Suspect",
        "db_id": "41524",
        "main_time": 6.5,
        "extra_time": 8.5,
        "completion_time": 11.0,
        "release_date": null,
        "update": false,
        "genres": [
            53
        ]
    }
},
{
    "model": "game_database.game",
    "pk": 279,
    "fields": {
        "title": "Not a Hero",
        "db_id": "45802",
        "main_time": 5.0,
        "extra_time": 5.5,
        "completion_time": 10.0,
        "release_date": null,
        "update": false,
        "genres": [
            50,
            52
        ]
    }
},
{
    "model": "game_database.game",
    "pk": 280,
    "fields": {
        "title": "Metal Gear Solid V: Ground Zeroes",
        "db_id": "39575",
        "main_time": 1.5,
        "extra_time": 6.5,
        "completion_time": 20.5,
        "release_date": null,
        "update": false,
        "genres": [
            50,
            52
        ]
    }
},
{
    "model": "game_database.game",
    "pk": 281,
    "fields": {
        "title": "The Stanley Parable",
        "db_id": "43344",
        "main_time": 27.0,
        "extra_time": 44.0,
        "completion_time": 44.0,
        "release_date": null,
        "update": false,
        "genres": [
            53
        ]
    }
},
{
    "model": "game_database.game",
    "pk": 282,
    "fields": {
        "title": "Thomas Was Alone",
        "db_id": "38825",
        "main_time": 3.5,
        "extra_time": 3.5,
        "completion_time": 4.0,
        "release_date": null,
        "update": false,
        "genres": [
            47,
            48
        ]
    }
},
{
    "model": "game_database.game",
    "pk": 283,
    "fields": {
        "title": "Br\u00fctal Legend",
        "db_id": "20700",
        "main_time": 9.0,
        "extra_time": 13.5,
        "completion_time": 24.5,
        "release_date": null,
        "update": false,
        "genres": [
            46,
            54
        ]
    }
},
{
    "model": "game_database.game",
    "pk": 284,
    "fields": {
        "title": "Trine 3: The Artifacts of Power",
        "db_id": "47872",
        "main_time": 5.0,
        "extra_time": 5.5,
        "completion_time": 7.0,
        "release_date": null,
        "update": false,
        "genres": [
            47,
            50
        ]
    }
},
{
    "model": "game_database.game",
    "pk": 285,
    "fields": {
        "title": "Metal Gear Solid V: The Phantom Pain",
        "db_id": "40796",
        "main_time": 45.5,
        "extra_time": 82.0,
        "completion_time": 163.0,
        "release_date": null,
        "update": false,
        "genres": [
            46,
            52
        ]
    }
},
{
    "model": "game_database.game",
    "pk": 286,
    "fields": {
        "title": "Psychonauts",
        "db_id": "2906",
        "main_time": 12.5,
        "extra_time": 15.5,
        "completion_time": 22.5,
        "release_date": null,
        "update": false,
        "genres": [
            46,
            47
        ]
    }
},
{
    "model": "game_database.game",
    "pk": 287,
    "fields": {
        "title": "Batman: Arkham City",
        "db_id": "29443",
        "main_time": 12.5,
        "extra_time": 21.5,
        "completion_time": 47.0,
        "release_date": null,
        "update": false,
        "genres": [
            46
        ]
    }
},
{
    "model": "game_database.game",
    "pk": 288,
    "fields": {
        "title": "Hand of Fate",
        "db_id": "43290",
        "main_time": 10.5,
        "extra_time": 19.5,
        "completion_time": 38.5,
        "release_date": null,
        "update": false,
        "genres": [
            46,
            49,
            53,
            55,
            59,
            60
        ]
    }
},
{
    "model": "game_database.game",
    "pk": 289,
    "fields": {
        "title": "Metal Gear Rising: Revengeance",
        "db_id": "26801",
        "main_time": 7.0,
        "extra_time": 11.0,
        "completion_time": 32.5,
        "release_date": null,
        "update": false,
        "genres": [
            46,
            50
        ]
    }
},
{
    "model": "game_database.game",
    "pk": 290,
    "fields": {
        "title": "Grand Theft Auto V",
        "db_id": "36765",
        "main_time": 31.5,
        "extra_time": 47.0,
        "completion_time": 79.5,
        "release_date": null,
        "update": false,
        "genres": [
            46,
            61
        ]
    }
},
{
    "model": "game_database.game",
    "pk": 291,
    "fields": {
        "title": "Titan Souls",
        "db_id": "46622",
        "main_time": 3.0,
        "extra_time": 4.0,
        "completion_time": 6.5,
        "release_date": null,
        "update": false,
        "genres": [
            50
        ]
    }
},
{
    "model": "game_database.game",
    "pk": 292,
    "fields": {
        "title": "Giana Sisters: Twisted Dreams",
        "db_id": "39484",
        "main_time": 7.5,
        "extra_time": 13.0,
        "completion_time": 21.5,
        "release_date": null,
        "update": false,
        "genres": [
            47
        ]
    }
},
{
    "model": "game_database.game",
    "pk": 293,
    "fields": {
        "title": "Outlast",
        "db_id": "40089",
        "main_time": 5.0,
        "extra_time": 6.5,
        "completion_time": 9.5,
        "release_date": null,
        "update": false,
        "genres": [
            53
        ]
    }
},
{
    "model": "game_database.game",
    "pk": 294,
    "fields": {
        "title": "The Banner Saga",
        "db_id": "37629",
        "main_time": 10.5,
        "extra_time": 13.5,
        "completion_time": 26.5,
        "release_date": null,
        "update": false,
        "genres": [
            49,
            55
        ]
    }
},
{
    "model": "game_database.game",
    "pk": 295,
    "fields": {
        "title": "6180 the moon",
        "db_id": "42186",
        "main_time": 1.5,
        "extra_time": 2.0,
        "completion_time": 2.0,
        "release_date": null,
        "update": false,
        "genres": [
            47
        ]
    }
},
{
    "model": "game_database.game",
    "pk": 296,
    "fields": {
        "title": "Pony Island",
        "db_id": "52035",
        "main_time": 2.5,
        "extra_time": 3.0,
        "completion_time": 4.5,
        "release_date": null,
        "update": false,
        "genres": [
            48,
            53,
            62
        ]
    }
},
{
    "model": "game_database.game",
    "pk": 297,
    "fields": {
        "title": "Giana Sisters: Twisted Dreams - Rise of the Owlverlord",
        "db_id": "44033",
        "main_time": 2.0,
        "extra_time": 2.0,
        "completion_time": 3.0,
        "release_date": null,
        "update": false,
        "genres": [
            47,
            48
        ]
    }
},
{
    "model": "game_database.game",
    "pk": 298,
    "fields": {
        "title": "Reigns",
        "db_id": "54416",
        "main_time": 3.5,
        "extra_time": 7.5,
        "completion_time": 16.0,
        "release_date": null,
        "update": false,
        "genres": [
            49,
            51,
            53
        ]
    }
},
{
    "model": "game_database.game",
    "pk": 299,
    "fields": {
        "title": "Skullgirls",
        "db_id": "34082",
        "main_time": 3.0,
        "extra_time": 13.0,
        "completion_time": 50.0,
        "release_date": null,
        "update": false,
        "genres": [
            56
        ]
    }
},
{
    "model": "game_database.game",
    "pk": 300,
    "fields": {
        "title": "Jotun",
        "db_id": "48488",
        "main_time": 5.5,
        "extra_time": 5.5,
        "completion_time": 6.5,
        "release_date": null,
        "update": false,
        "genres": [
            46
        ]
    }
},
{
    "model": "game_database.game",
    "pk": 301,
    "fields": {
        "title": "Assassin's Creed III",
        "db_id": "37494",
        "main_time": 15.5,
        "extra_time": 30.5,
        "completion_time": 55.0,
        "release_date": null,
        "update": false,
        "genres": [
            46
        ]
    }
},
{
    "model": "game_database.game",
    "pk": 302,
    "fields": {
        "title": "Styx: Master of Shadows",
        "db_id": "45430",
        "main_time": 17.0,
        "extra_time": 22.0,
        "completion_time": 40.0,
        "release_date": null,
        "update": false,
        "genres": [
            49,
            50,
            55
        ]
    }
},
{
    "model": "game_database.game",
    "pk": 303,
    "fields": {
        "title": "Inside My Radio",
        "db_id": "46455",
        "main_time": 2.0,
        "extra_time": 2.5,
        "completion_time": 10.5,
        "release_date": null,
        "update": false,
        "genres": [
            47,
            63
        ]
    }
},
{
    "model": "game_database.game",
    "pk": 304,
    "fields": {
        "title": "The Swapper",
        "db_id": "32940",
        "main_time": 5.0,
        "extra_time": 5.5,
        "completion_time": 5.5,
        "release_date": null,
        "update": false,
        "genres": [
            47,
            48
        ]
    }
},
{
    "model": "game_database.game",
    "pk": 305,
    "fields": {
        "title": "Kholat",
        "db_id": "48521",
        "main_time": 4.5,
        "extra_time": 6.0,
        "completion_time": 7.5,
        "release_date": null,
        "update": false,
        "genres": [
            53
        ]
    }
},
{
    "model": "game_database.game",
    "pk": 306,
    "fields": {
        "title": "Shelter 2",
        "db_id": "45856",
        "main_time": 2.0,
        "extra_time": 2.5,
        "completion_time": 8.0,
        "release_date": null,
        "update": false,
        "genres": [
            53
        ]
    }
},
{
    "model": "game_database.game",
    "pk": 307,
    "fields": {
        "title": "Burnout Paradise",
        "db_id": "5648",
        "main_time": 13.5,
        "extra_time": 25.5,
        "completion_time": 54.5,
        "release_date": null,
        "update": false,
        "genres": [
            61
        ]
    }
},
{
    "model": "game_database.game",
    "pk": 308,
    "fields": {
        "title": "Alan Wake",
        "db_id": "20982",
        "main_time": 11.0,
        "extra_time": 14.5,
        "completion_time": 25.5,
        "release_date": null,
        "update": false,
        "genres": [
            46,
            52
        ]
    }
},
{
    "model": "game_database.game",
    "pk": 309,
    "fields": {
        "title": "Rise & Shine",
        "db_id": "50037",
        "main_time": 2.5,
        "extra_time": 2.5,
        "completion_time": 3.5,
        "release_date": null,
        "update": false,
        "genres": [
            50
        ]
    }
},
{
    "model": "game_database.game",
    "pk": 310,
    "fields": {
        "title": "Torchlight II",
        "db_id": "32255",
        "main_time": 20.5,
        "extra_time": 27.0,
        "completion_time": 65.5,
        "release_date": null,
        "update": false,
        "genres": [
            49,
            50
        ]
    }
},
{
    "model": "game_database.game",
    "pk": 311,
    "fields": {
        "title": "Sniper Elite III",
        "db_id": "41928",
        "main_time": 9.0,
        "extra_time": 15.0,
        "completion_time": 37.0,
        "release_date": null,
        "update": false,
        "genres": [
            51,
            52
        ]
    }
},
{
    "model": "game_database.game",
    "pk": 312,
    "fields": {
        "title": "Just Cause 2",
        "db_id": "20742",
        "main_time": 17.5,
        "extra_time": 34.5,
        "completion_time": 86.0,
        "release_date": null,
        "update": false,
        "genres": [
            50,
            52,
            61,
            64
        ]
    }
},
{
    "model": "game_database.game",
    "pk": 313,
    "fields": {
        "title": "Battlefleet Gothic: Armada",
        "db_id": "51019",
        "main_time": 19.5,
        "extra_time": 20.0,
        "completion_time": 0.0,
        "release_date": null,
        "update": false,
        "genres": [
            54,
            55
        ]
    }
},
{
    "model": "game_database.game",
    "pk": 314,
    "fields": {
        "title": "Shelter",
        "db_id": "42713",
        "main_time": 1.5,
        "extra_time": 1.5,
        "completion_time": 2.0,
        "release_date": null,
        "update": false,
        "genres": [
            53
        ]
    }
},
{
    "model": "game_database.game",
    "pk": 315,
    "fields": {
        "title": "Small Radios Big Televisions",
        "db_id": "48756",
        "main_time": 1.5,
        "extra_time": 2.0,
        "completion_time": 2.0,
        "release_date": null,
        "update": false,
        "genres": [
            53
        ]
    }
},
{
    "model": "game_database.game",
    "pk": 316,
    "fields": {
        "title": "Of Orcs and Men",
        "db_id": "35668",
        "main_time": 12.5,
        "extra_time": 14.5,
        "completion_time": 21.5,
        "release_date": null,
        "update": false,
        "genres": [
            46,
            49
        ]
    }
},
{
    "model": "game_database.game",
    "pk": 317,
    "fields": {
        "title": "Slayaway Camp",
        "db_id": "56823",
        "main_time": 6.0,
        "extra_time": 8.0,
        "completion_time": 10.0,
        "release_date": null,
        "update": false,
        "genres": [
            48
        ]
    }
},
{
    "model": "game_database.game",
    "pk": 318,
    "fields": {
        "title": "Warhammer: End Times - Vermintide",
        "db_id": "48755",
        "main_time": 8.0,
        "extra_time": 33.5,
        "completion_time": 150.0,
        "release_date": null,
        "update": false,
        "genres": [
            45,
            50
        ]
    }
},
{
    "model": "game_database.game",
    "pk": 319,
    "fields": {
        "title": "Strider",
        "db_id": "43275",
        "main_time": 45.0,
        "extra_time": 52.0,
        "completion_time": 57.0,
        "release_date": null,
        "update": false,
        "genres": [
            46,
            47
        ]
    }
},
{
    "model": "game_database.game",
    "pk": 320,
    "fields": {
        "title": "Titanfall 2",
        "db_id": "49139",
        "main_time": 6.0,
        "extra_time": 8.0,
        "completion_time": 13.5,
        "release_date": null,
        "update": false,
        "genres": [
            45
        ]
    }
},
{
    "model": "game_database.game",
    "pk": 321,
    "fields": {
        "title": "Tattletail",
        "db_id": "57512",
        "main_time": 1.0,
        "extra_time": 1.5,
        "completion_time": 2.0,
        "release_date": "2016-12-01",
        "update": false,
        "genres": []
    }
},
{
    "model": "game_database.game",
    "pk": 322,
    "fields": {
        "title": "Dead Space",
        "db_id": "20800",
        "main_time": 11.0,
        "extra_time": 13.0,
        "completion_time": 20.5,
        "release_date": null,
        "update": false,
        "genres": [
            46,
            52
        ]
    }
},
{
    "model": "game_database.game",
    "pk": 323,
    "fields": {
        "title": "Sniper: Ghost Warrior 2",
        "db_id": "33002",
        "main_time": 5.0,
        "extra_time": 6.5,
        "completion_time": 10.5,
        "release_date": null,
        "update": false,
        "genres": [
            45,
            50
        ]
    }
},
{
    "model": "game_database.game",
    "pk": 324,
    "fields": {
        "title": "Rock of Ages",
        "db_id": "31679",
        "main_time": 4.0,
        "extra_time": 5.5,
        "completion_time": 12.5,
        "release_date": null,
        "update": false,
        "genres": [
            55,
            61
        ]
    }
},
{
    "model": "game_database.game",
    "pk": 325,
    "fields": {
        "title": "Crimzon Clover",
        "db_id": "34001",
        "main_time": 53.0,
        "extra_time": 3.0,
        "completion_time": 8.5,
        "release_date": null,
        "update": false,
        "genres": [
            62
        ]
    }
},
{
    "model": "game_database.game",
    "pk": 326,
    "fields": {
        "title": "Pinstripe",
        "db_id": "53617",
        "main_time": 2.5,
        "extra_time": 3.5,
        "completion_time": 6.0,
        "release_date": null,
        "update": false,
        "genres": [
            46,
            47
        ]
    }
},
{
    "model": "game_database.game",
    "pk": 327,
    "fields": {
        "title": "Everything",
        "db_id": "53662",
        "main_time": 3.0,
        "extra_time": 6.5,
        "completion_time": 18.0,
        "release_date": null,
        "update": false,
        "genres": []
    }
},
{
    "model": "game_database.game",
    "pk": 328,
    "fields": {
        "title": "Zombie Army Trilogy",
        "db_id": "48522",
        "main_time": 14.5,
        "extra_time": 19.5,
        "completion_time": 28.0,
        "release_date": null,
        "update": false,
        "genres": [
            52,
            65
        ]
    }
},
{
    "model": "game_database.game",
    "pk": 329,
    "fields": {
        "title": "Braid",
        "db_id": "20716",
        "main_time": 5.0,
        "extra_time": 6.0,
        "completion_time": 7.5,
        "release_date": null,
        "update": false,
        "genres": [
            47,
            48
        ]
    }
},
{
    "model": "game_database.game",
    "pk": 330,
    "fields": {
        "title": "Shantae: Risky's Revenge",
        "db_id": "28141",
        "main_time": 5.0,
        "extra_time": 7.0,
        "completion_time": 7.5,
        "release_date": null,
        "update": false,
        "genres": [
            47,
            50
        ]
    }
},
{
    "model": "game_database.game",
    "pk": 331,
    "fields": {
        "title": "Alan Wake's American Nightmare",
        "db_id": "35157",
        "main_time": 3.5,
        "extra_time": 4.5,
        "completion_time": 8.0,
        "release_date": null,
        "update": false,
        "genres": [
            46,
            52
        ]
    }
},
{
    "model": "game_database.game",
    "pk": 332,
    "fields": {
        "title": "SOMA",
        "db_id": "44072",
        "main_time": 0.0,
        "extra_time": 0.0,
        "completion_time": 0.0,
        "release_date": null,
        "update": false,
        "genres": [
            53
        ]
    }
},
{
    "model": "game_database.game",
    "pk": 333,
    "fields": {
        "title": "Punch Club",
        "db_id": "51004",
        "main_time": 9.5,
        "extra_time": 13.0,
        "completion_time": 20.5,
        "release_date": null,
        "update": false,
        "genres": [
            51
        ]
    }
},
{
    "model": "game_database.game",
    "pk": 334,
    "fields": {
        "title": "Grow Up",
        "db_id": "54224",
        "main_time": 4.0,
        "extra_time": 6.0,
        "completion_time": 9.5,
        "release_date": null,
        "update": false,
        "genres": [
            47,
            53
        ]
    }
},
{
    "model": "game_database.game",
    "pk": 335,
    "fields": {
        "title": "Desync",
        "db_id": "53556",
        "main_time": 0.0,
        "extra_time": 0.0,
        "completion_time": 0.0,
        "release_date": null,
        "update": false,
        "genres": [
            52
        ]
    }
},
{
    "model": "game_database.game",
    "pk": 336,
    "fields": {
        "title": "Destiny 2",
        "db_id": "52647",
        "main_time": 12.0,
        "extra_time": 24.0,
        "completion_time": 99.0,
        "release_date": null,
        "update": false,
        "genres": [
            45
        ]
    }
},
{
    "model": "game_database.game",
    "pk": 337,
    "fields": {
        "title": "Max Payne",
        "db_id": "2414",
        "main_time": 8.5,
        "extra_time": 9.0,
        "completion_time": 11.5,
        "release_date": null,
        "update": false,
        "genres": [
            46,
            52
        ]
    }
},
{
    "model": "game_database.game",
    "pk": 338,
    "fields": {
        "title": "Space Hulk: Deathwing",
        "db_id": "43811",
        "main_time": 8.5,
        "extra_time": 11.5,
        "completion_time": 0.0,
        "release_date": null,
        "update": false,
        "genres": [
            45
        ]
    }
},
{
    "model": "game_database.game",
    "pk": 339,
    "fields": {
        "title": "Apotheon",
        "db_id": "37707",
        "main_time": 8.5,
        "extra_time": 12.0,
        "completion_time": 13.0,
        "release_date": null,
        "update": false,
        "genres": [
            47,
            50
        ]
    }
},
{
    "model": "game_database.game",
    "pk": 340,
    "fields": {
        "title": "Hexcells",
        "db_id": "44623",
        "main_time": 2.0,
        "extra_time": 2.0,
        "completion_time": 2.5,
        "release_date": null,
        "update": false,
        "genres": [
            48
        ]
    }
},
{
    "model": "game_database.game",
    "pk": 341,
    "fields": {
        "title": "The Talos Principle",
        "db_id": "46572",
        "main_time": 15.5,
        "extra_time": 20.5,
        "completion_time": 28.0,
        "release_date": null,
        "update": false,
        "genres": [
            48,
            53
        ]
    }
},
{
    "model": "game_database.game",
    "pk": 342,
    "fields": {
        "title": "Vanquish",
        "db_id": "29903",
        "main_time": 6.0,
        "extra_time": 8.0,
        "completion_time": 17.0,
        "release_date": null,
        "update": false,
        "genres": [
            50,
            52
        ]
    }
},
{
    "model": "game_database.game",
    "pk": 343,
    "fields": {
        "title": "Outland",
        "db_id": "32552",
        "main_time": 7.0,
        "extra_time": 9.5,
        "completion_time": 12.5,
        "release_date": null,
        "update": false,
        "genres": [
            47
        ]
    }
},
{
    "model": "game_database.game",
    "pk": 344,
    "fields": {
        "title": "Subnautica",
        "db_id": "46006",
        "main_time": 26.0,
        "extra_time": 43.0,
        "completion_time": 56.0,
        "release_date": null,
        "update": false,
        "genres": [
            53
        ]
    }
},
{
    "model": "game_database.game",
    "pk": 345,
    "fields": {
        "title": "Lovers in a Dangerous Spacetime",
        "db_id": "41122",
        "main_time": 5.5,
        "extra_time": 7.5,
        "completion_time": 13.5,
        "release_date": null,
        "update": false,
        "genres": []
    }
},
{
    "model": "game_database.game",
    "pk": 346,
    "fields": {
        "title": "Headlander",
        "db_id": "50745",
        "main_time": 5.5,
        "extra_time": 7.0,
        "completion_time": 8.0,
        "release_date": null,
        "update": false,
        "genres": [
            46
        ]
    }
},
{
    "model": "game_database.game",
    "pk": 347,
    "fields": {
        "title": "Monument Valley",
        "db_id": "45914",
        "main_time": 1.5,
        "extra_time": 2.0,
        "completion_time": 2.5,
        "release_date": null,
        "update": false,
        "genres": [
            48
        ]
    }
},
{
    "model": "game_database.game",
    "pk": 348,
    "fields": {
        "title": "Back to Bed",
        "db_id": "46943",
        "main_time": 1.5,
        "extra_time": 2.0,
        "completion_time": 4.0,
        "release_date": null,
        "update": false,
        "genres": [
            48
        ]
    }
},
{
    "model": "game_database.game",
    "pk": 349,
    "fields": {
        "title": "The Deadly Tower of Monsters",
        "db_id": "52371",
        "main_time": 4.5,
        "extra_time": 4.5,
        "completion_time": 6.0,
        "release_date": null,
        "update": false,
        "genres": [
            46
        ]
    }
},
{
    "model": "game_database.game",
    "pk": 350,
    "fields": {
        "title": "Octodad: Dadliest Catch",
        "db_id": "35877",
        "main_time": 2.5,
        "extra_time": 3.5,
        "completion_time": 7.0,
        "release_date": null,
        "update": false,
        "genres": [
            47,
            51
        ]
    }
},
{
    "model": "game_database.game",
    "pk": 351,
    "fields": {
        "title": "Hidden Folks",
        "db_id": "53269",
        "main_time": 3.0,
        "extra_time": 4.0,
        "completion_time": 5.0,
        "release_date": null,
        "update": false,
        "genres": [
            48
        ]
    }
},
{
    "model": "game_database.game",
    "pk": 352,
    "fields": {
        "title": "Lovely Planet",
        "db_id": "47153",
        "main_time": 4.5,
        "extra_time": 7.0,
        "completion_time": 21.0,
        "release_date": null,
        "update": false,
        "genres": [
            45
        ]
    }
},
{
    "model": "game_database.game",
    "pk": 353,
    "fields": {
        "title": "Super House of Dead Ninjas",
        "db_id": "41639",
        "main_time": 2.5,
        "extra_time": 4.5,
        "completion_time": 25.5,
        "release_date": null,
        "update": false,
        "genres": [
            47,
            50
        ]
    }
},
{
    "model": "game_database.game",
    "pk": 354,
    "fields": {
        "title": "Snake Pass",
        "db_id": "57504",
        "main_time": 5.0,
        "extra_time": 9.0,
        "completion_time": 11.5,
        "release_date": null,
        "update": false,
        "genres": [
            47,
            48
        ]
    }
},
{
    "model": "game_database.game",
    "pk": 355,
    "fields": {
        "title": "What Remains of Edith Finch",
        "db_id": "48329",
        "main_time": 2.0,
        "extra_time": 2.5,
        "completion_time": 3.0,
        "release_date": null,
        "update": false,
        "genres": [
            48,
            53
        ]
    }
},
{
    "model": "game_database.game",
    "pk": 356,
    "fields": {
        "title": "Deadlight",
        "db_id": "37262",
        "main_time": 4.0,
        "extra_time": 5.0,
        "completion_time": 6.5,
        "release_date": null,
        "update": false,
        "genres": [
            47,
            48
        ]
    }
},
{
    "model": "game_database.game",
    "pk": 357,
    "fields": {
        "title": "Superhot",
        "db_id": "43663",
        "main_time": 0.0,
        "extra_time": 0.0,
        "completion_time": 0.0,
        "release_date": null,
        "update": false,
        "genres": [
            45
        ]
    }
},
{
    "model": "game_database.game",
    "pk": 358,
    "fields": {
        "title": "Ruiner",
        "db_id": "53485",
        "main_time": 0.0,
        "extra_time": 0.0,
        "completion_time": 0.0,
        "release_date": null,
        "update": false,
        "genres": [
            50,
            52
        ]
    }
},
{
    "model": "game_database.game",
    "pk": 359,
    "fields": {
        "title": "Hellblade: Senua's Sacrifice",
        "db_id": "47363",
        "main_time": 7.0,
        "extra_time": 8.0,
        "completion_time": 9.0,
        "release_date": null,
        "update": false,
        "genres": [
            46,
            50
        ]
    }
},
{
    "model": "game_database.game",
    "pk": 360,
    "fields": {
        "title": "Expand",
        "db_id": "48417",
        "main_time": 2.0,
        "extra_time": 2.0,
        "completion_time": 2.0,
        "release_date": null,
        "update": false,
        "genres": [
            48,
            53
        ]
    }
},
{
    "model": "game_database.game",
    "pk": 361,
    "fields": {
        "title": "World of Goo",
        "db_id": "20647",
        "main_time": 6.0,
        "extra_time": 8.0,
        "completion_time": 14.0,
        "release_date": null,
        "update": false,
        "genres": [
            48
        ]
    }
},
{
    "model": "game_database.game",
    "pk": 362,
    "fields": {
        "title": "Sonic Mania",
        "db_id": "54733",
        "main_time": 5.5,
        "extra_time": 8.5,
        "completion_time": 19.0,
        "release_date": null,
        "update": false,
        "genres": [
            47
        ]
    }
},
{
    "model": "game_database.game",
    "pk": 363,
    "fields": {
        "title": "Mad Max",
        "db_id": "42927",
        "main_time": 19.5,
        "extra_time": 37.5,
        "completion_time": 61.0,
        "release_date": null,
        "update": false,
        "genres": [
            46,
            52,
            61,
            64
        ]
    }
},
{
    "model": "game_database.game",
    "pk": 364,
    "fields": {
        "title": "War for the Overworld",
        "db_id": "41532",
        "main_time": 14.5,
        "extra_time": 22.0,
        "completion_time": 32.5,
        "release_date": null,
        "update": false,
        "genres": [
            54
        ]
    }
},
{
    "model": "game_database.game",
    "pk": 365,
    "fields": {
        "title": "S.T.A.L.K.E.R.: Shadow of Chernobyl",
        "db_id": "11725",
        "main_time": 16.0,
        "extra_time": 26.0,
        "completion_time": 44.0,
        "release_date": null,
        "update": false,
        "genres": [
            45,
            49,
            50
        ]
    }
},
{
    "model": "game_database.game",
    "pk": 366,
    "fields": {
        "title": "Diablo III",
        "db_id": "20803",
        "main_time": 18.0,
        "extra_time": 41.0,
        "completion_time": 142.0,
        "release_date": null,
        "update": false,
        "genres": [
            46,
            49
        ]
    }
},
{
    "model": "game_database.game",
    "pk": 367,
    "fields": {
        "title": "Battlefield 4",
        "db_id": "39035",
        "main_time": 6.0,
        "extra_time": 8.0,
        "completion_time": 12.5,
        "release_date": null,
        "update": false,
        "genres": [
            45
        ]
    }
},
{
    "model": "game_database.game",
    "pk": 368,
    "fields": {
        "title": "Mass Effect",
        "db_id": "16909",
        "main_time": 17.0,
        "extra_time": 29.0,
        "completion_time": 43.5,
        "release_date": null,
        "update": false,
        "genres": [
            49,
            52
        ]
    }
},
{
    "model": "game_database.game",
    "pk": 369,
    "fields": {
        "title": "Mass Effect 2",
        "db_id": "21590",
        "main_time": 24.5,
        "extra_time": 35.5,
        "completion_time": 50.5,
        "release_date": null,
        "update": false,
        "genres": [
            46,
            49
        ]
    }
},
{
    "model": "game_database.game",
    "pk": 370,
    "fields": {
        "title": "Mirror's Edge",
        "db_id": "21213",
        "main_time": 6.0,
        "extra_time": 8.0,
        "completion_time": 11.5,
        "release_date": null,
        "update": false,
        "genres": [
            46
        ]
    }
},
{
    "model": "game_database.game",
    "pk": 371,
    "fields": {
        "title": "Antichamber",
        "db_id": "32844",
        "main_time": 6.0,
        "extra_time": 7.5,
        "completion_time": 9.0,
        "release_date": null,
        "update": false,
        "genres": [
            48
        ]
    }
},
{
    "model": "game_database.game",
    "pk": 372,
    "fields": {
        "title": "Fallout 3",
        "db_id": "20504",
        "main_time": 23.0,
        "extra_time": 56.5,
        "completion_time": 116.0,
        "release_date": null,
        "update": false,
        "genres": [
            45,
            49
        ]
    }
},
{
    "model": "game_database.game",
    "pk": 373,
    "fields": {
        "title": "Gone Home",
        "db_id": "38327",
        "main_time": 2.0,
        "extra_time": 2.5,
        "completion_time": 3.0,
        "release_date": null,
        "update": false,
        "genres": [
            53
        ]
    }
},
{
    "model": "game_database.game",
    "pk": 374,
    "fields": {
        "title": "Half-Life 2: Lost Coast",
        "db_id": "3015",
        "main_time": 23.0,
        "extra_time": 27.0,
        "completion_time": 28.0,
        "release_date": null,
        "update": false,
        "genres": [
            45,
            50
        ]
    }
},
{
    "model": "game_database.game",
    "pk": 375,
    "fields": {
        "title": "Half-Life: Blue Shift",
        "db_id": "7814",
        "main_time": 3.0,
        "extra_time": 3.5,
        "completion_time": 4.0,
        "release_date": null,
        "update": false,
        "genres": [
            45,
            50
        ]
    }
},
{
    "model": "game_database.game",
    "pk": 376,
    "fields": {
        "title": "Half-Life: Opposing Force",
        "db_id": "16508",
        "main_time": 5.5,
        "extra_time": 6.5,
        "completion_time": 7.5,
        "release_date": null,
        "update": false,
        "genres": [
            45,
            50
        ]
    }
},
{
    "model": "game_database.game",
    "pk": 377,
    "fields": {
        "title": "Kane & Lynch: Dead Men",
        "db_id": "19874",
        "main_time": 5.5,
        "extra_time": 6.5,
        "completion_time": 8.5,
        "release_date": null,
        "update": false,
        "genres": [
            50,
            52
        ]
    }
},
{
    "model": "game_database.game",
    "pk": 378,
    "fields": {
        "title": "Payday: The Heist",
        "db_id": "35520",
        "main_time": 9.0,
        "extra_time": 43.5,
        "completion_time": 126.0,
        "release_date": null,
        "update": false,
        "genres": [
            45
        ]
    }
},
{
    "model": "game_database.game",
    "pk": 379,
    "fields": {
        "title": "The Beginner's Guide",
        "db_id": "51033",
        "main_time": 1.5,
        "extra_time": 1.5,
        "completion_time": 1.5,
        "release_date": null,
        "update": false,
        "genres": [
            53
        ]
    }
},
{
    "model": "game_database.game",
    "pk": 380,
    "fields": {
        "title": "The Binding of Isaac: Rebirth",
        "db_id": "40865",
        "main_time": 4.5,
        "extra_time": 67.0,
        "completion_time": 230.0,
        "release_date": null,
        "update": false,
        "genres": [
            46,
            49,
            66
        ]
    }
},
{
    "model": "game_database.game",
    "pk": 381,
    "fields": {
        "title": "Undertale",
        "db_id": "50897",
        "main_time": 6.5,
        "extra_time": 10.5,
        "completion_time": 19.5,
        "release_date": null,
        "update": false,
        "genres": [
            49
        ]
    }
},
{
    "model": "game_database.game",
    "pk": 382,
    "fields": {
        "title": "Ziggurat",
        "db_id": "47308",
        "main_time": 4.0,
        "extra_time": 14.5,
        "completion_time": 53.0,
        "release_date": null,
        "update": false,
        "genres": [
            45,
            49,
            50
        ]
    }
},
{
    "model": "game_database.game",
    "pk": 383,
    "fields": {
        "title": "Assassin's Creed",
        "db_id": "2950",
        "main_time": 15.0,
        "extra_time": 20.0,
        "completion_time": 31.0,
        "release_date": null,
        "update": false,
        "genres": [
            46,
            47
        ]
    }
},
{
    "model": "game_database.game",
    "pk": 384,
    "fields": {
        "title": "Assassin's Creed II",
        "db_id": "22928",
        "main_time": 19.0,
        "extra_time": 27.0,
        "completion_time": 35.0,
        "release_date": null,
        "update": false,
        "genres": [
            46,
            47
        ]
    }
},
{
    "model": "game_database.game",
    "pk": 385,
    "fields": {
        "title": "Far Cry 3",
        "db_id": "32933",
        "main_time": 15.5,
        "extra_time": 25.5,
        "completion_time": 38.0,
        "release_date": null,
        "update": false,
        "genres": [
            45,
            46
        ]
    }
},
{
    "model": "game_database.game",
    "pk": 386,
    "fields": {
        "title": "Far Cry 3: Blood Dragon",
        "db_id": "42241",
        "main_time": 4.5,
        "extra_time": 7.0,
        "completion_time": 8.5,
        "release_date": null,
        "update": false,
        "genres": [
            45
        ]
    }
},
{
    "model": "game_database.game",
    "pk": 388,
    "fields": {
        "title": "The Witcher 2: Assassins of Kings",
        "db_id": "28178",
        "main_time": 24.0,
        "extra_time": 33.5,
        "completion_time": 54.0,
        "release_date": null,
        "update": false,
        "genres": [
            49
        ]
    }
},
{
    "model": "game_database.game",
    "pk": 389,
    "fields": {
        "title": "Dishonored",
        "db_id": "35850",
        "main_time": 12.0,
        "extra_time": 18.0,
        "completion_time": 33.0,
        "release_date": null,
        "update": false,
        "genres": [
            45,
            46,
            49
        ]
    }
},
{
    "model": "game_database.game",
    "pk": 390,
    "fields": {
        "title": "Borderlands 2",
        "db_id": "36055",
        "main_time": 30.5,
        "extra_time": 52.0,
        "completion_time": 114.0,
        "release_date": null,
        "update": false,
        "genres": [
            45,
            49
        ]
    }
},
{
    "model": "game_database.game",
    "pk": 391,
    "fields": {
        "title": "Shovel Knight",
        "db_id": "42034",
        "main_time": 6.5,
        "extra_time": 8.5,
        "completion_time": 17.0,
        "release_date": null,
        "update": false,
        "genres": [
            47,
            50
        ]
    }
},
{
    "model": "game_database.game",
    "pk": 392,
    "fields": {
        "title": "Middle-earth: Shadow of Mordor",
        "db_id": "44484",
        "main_time": 15.5,
        "extra_time": 23.0,
        "completion_time": 31.0,
        "release_date": null,
        "update": false,
        "genres": [
            46
        ]
    }
},
{
    "model": "game_database.game",
    "pk": 393,
    "fields": {
        "title": "Batman: Arkham Asylum",
        "db_id": "23245",
        "main_time": 12.0,
        "extra_time": 16.5,
        "completion_time": 25.5,
        "release_date": null,
        "update": false,
        "genres": [
            46
        ]
    }
},
{
    "model": "game_database.game",
    "pk": 394,
    "fields": {
        "title": "Metro Redux",
        "db_id": "47329",
        "main_time": 17.0,
        "extra_time": 28.5,
        "completion_time": 51.5,
        "release_date": null,
        "update": false,
        "genres": [
            45,
            65
        ]
    }
},
{
    "model": "game_database.game",
    "pk": 395,
    "fields": {
        "title": "Super Time Force",
        "db_id": "37419",
        "main_time": 4.0,
        "extra_time": 5.0,
        "completion_time": 13.0,
        "release_date": null,
        "update": false,
        "genres": [
            47,
            50
        ]
    }
},
{
    "model": "game_database.game",
    "pk": 396,
    "fields": {
        "title": "Dark Souls",
        "db_id": "32697",
        "main_time": 46.5,
        "extra_time": 62.0,
        "completion_time": 107.0,
        "release_date": null,
        "update": false,
        "genres": [
            46,
            49
        ]
    }
},
{
    "model": "game_database.game",
    "pk": 397,
    "fields": {
        "title": "Kane & Lynch 2: Dog Days",
        "db_id": "26394",
        "main_time": 4.0,
        "extra_time": 4.5,
        "completion_time": 6.5,
        "release_date": null,
        "update": false,
        "genres": [
            50,
            52
        ]
    }
},
{
    "model": "game_database.game",
    "pk": 398,
    "fields": {
        "title": "Call of Juarez",
        "db_id": "21191",
        "main_time": 8.0,
        "extra_time": 9.0,
        "completion_time": 10.5,
        "release_date": null,
        "update": false,
        "genres": [
            45,
            50,
            53
        ]
    }
},
{
    "model": "game_database.game",
    "pk": 399,
    "fields": {
        "title": "Galak-Z",
        "db_id": "42925",
        "main_time": 9.0,
        "extra_time": 14.0,
        "completion_time": 0.0,
        "release_date": null,
        "update": false,
        "genres": [
            62
        ]
    }
},
{
    "model": "game_database.game",
    "pk": 400,
    "fields": {
        "title": "Serious Sam: The First Encounter",
        "db_id": "27152",
        "main_time": 6.0,
        "extra_time": 7.5,
        "completion_time": 8.5,
        "release_date": null,
        "update": false,
        "genres": [
            45,
            50
        ]
    }
},
{
    "model": "game_database.game",
    "pk": 401,
    "fields": {
        "title": "Abz\u00fb",
        "db_id": "46573",
        "main_time": 0.0,
        "extra_time": 0.0,
        "completion_time": 0.0,
        "release_date": null,
        "update": false,
        "genres": [
            53
        ]
    }
},
{
    "model": "game_database.game",
    "pk": 402,
    "fields": {
        "title": "Retro City Rampage",
        "db_id": "31558",
        "main_time": 6.0,
        "extra_time": 8.0,
        "completion_time": 11.0,
        "release_date": null,
        "update": false,
        "genres": [
            46
        ]
    }
},
{
    "model": "game_database.game",
    "pk": 403,
    "fields": {
        "title": "Painkiller Hell & Damnation",
        "db_id": "38535",
        "main_time": 4.5,
        "extra_time": 10.0,
        "completion_time": 21.0,
        "release_date": null,
        "update": false,
        "genres": [
            45
        ]
    }
},
{
    "model": "game_database.game",
    "pk": 404,
    "fields": {
        "title": "Warhammer 40,000: Space Marine",
        "db_id": "23708",
        "main_time": 8.0,
        "extra_time": 9.5,
        "completion_time": 23.5,
        "release_date": null,
        "update": false,
        "genres": [
            50,
            52
        ]
    }
},
{
    "model": "game_database.game",
    "pk": 405,
    "fields": {
        "title": "Star Wars: Republic Commando",
        "db_id": "1339",
        "main_time": 9.0,
        "extra_time": 9.5,
        "completion_time": 10.0,
        "release_date": null,
        "update": false,
        "genres": [
            45,
            50
        ]
    }
},
{
    "model": "game_database.game",
    "pk": 406,
    "fields": {
        "title": "Ori and the Blind Forest",
        "db_id": "46548",
        "main_time": 8.0,
        "extra_time": 10.0,
        "completion_time": 10.5,
        "release_date": null,
        "update": false,
        "genres": [
            46,
            47,
            48
        ]
    }
},
{
    "model": "game_database.game",
    "pk": 407,
    "fields": {
        "title": "Warhammer 40,000: Dawn of War III",
        "db_id": "35675",
        "main_time": 17.5,
        "extra_time": 19.5,
        "completion_time": 21.0,
        "release_date": null,
        "update": false,
        "genres": [
            54
        ]
    }
},
{
    "model": "game_database.game",
    "pk": 408,
    "fields": {
        "title": "Warhammer 40,000: Dawn of War - Winter Assault",
        "db_id": "19335",
        "main_time": 11.0,
        "extra_time": 13.0,
        "completion_time": 20.5,
        "release_date": null,
        "update": false,
        "genres": [
            54
        ]
    }
},
{
    "model": "game_database.game",
    "pk": 409,
    "fields": {
        "title": "Half-Life 2: Episode Two",
        "db_id": "9480",
        "main_time": 5.0,
        "extra_time": 6.0,
        "completion_time": 8.5,
        "release_date": null,
        "update": false,
        "genres": [
            45,
            50
        ]
    }
},
{
    "model": "game_database.game",
    "pk": 410,
    "fields": {
        "title": "Fallout: New Vegas",
        "db_id": "25933",
        "main_time": 27.5,
        "extra_time": 60.5,
        "completion_time": 132.0,
        "release_date": null,
        "update": false,
        "genres": [
            45,
            49
        ]
    }
},
{
    "model": "game_database.game",
    "pk": 411,
    "fields": {
        "title": "Star Wars: The Force Unleashed",
        "db_id": "20626",
        "main_time": 8.0,
        "extra_time": 12.0,
        "completion_time": 17.0,
        "release_date": null,
        "update": false,
        "genres": [
            46
        ]
    }
},
{
    "model": "game_database.game",
    "pk": 412,
    "fields": {
        "title": "Warhammer 40,000: Dawn of War - Dark Crusade",
        "db_id": "5681",
        "main_time": 15.0,
        "extra_time": 31.0,
        "completion_time": 50.5,
        "release_date": null,
        "update": false,
        "genres": [
            54
        ]
    }
},
{
    "model": "game_database.game",
    "pk": 413,
    "fields": {
        "title": "Warhammer 40,000: Dawn of War II",
        "db_id": "21175",
        "main_time": 15.0,
        "extra_time": 21.0,
        "completion_time": 44.0,
        "release_date": null,
        "update": false,
        "genres": [
            49,
            54
        ]
    }
},
{
    "model": "game_database.game",
    "pk": 414,
    "fields": {
        "title": "Epistory: Typing Chronicles",
        "db_id": "52327",
        "main_time": 5.0,
        "extra_time": 6.5,
        "completion_time": 9.5,
        "release_date": null,
        "update": false,
        "genres": [
            53,
            58,
            67
        ]
    }
},
{
    "model": "game_database.game",
    "pk": 415,
    "fields": {
        "title": "Warhammer 40,000: Dawn of War II: Chaos Rising",
        "db_id": "28188",
        "main_time": 0.0,
        "extra_time": 0.0,
        "completion_time": 0.0,
        "release_date": null,
        "update": false,
        "genres": [
            54
        ]
    }
},
{
    "model": "game_database.game",
    "pk": 416,
    "fields": {
        "title": "Lords of the Fallen",
        "db_id": "42672",
        "main_time": 14.5,
        "extra_time": 21.0,
        "completion_time": 44.5,
        "release_date": null,
        "update": false,
        "genres": [
            46,
            49
        ]
    }
},
{
    "model": "game_database.game",
    "pk": 417,
    "fields": {
        "title": "F.E.A.R.: First Encounter Assault Recon",
        "db_id": "4800",
        "main_time": 0.0,
        "extra_time": 0.0,
        "completion_time": 0.0,
        "release_date": null,
        "update": false,
        "genres": [
            45,
            50
        ]
    }
},
{
    "model": "game_database.game",
    "pk": 418,
    "fields": {
        "title": "AER: Memories of Old",
        "db_id": "53653",
        "main_time": 3.0,
        "extra_time": 3.5,
        "completion_time": 4.0,
        "release_date": null,
        "update": false,
        "genres": [
            46
        ]
    }
},
{
    "model": "game_database.game",
    "pk": 419,
    "fields": {
        "title": "Bulletstorm",
        "db_id": "30088",
        "main_time": 7.5,
        "extra_time": 9.5,
        "completion_time": 15.5,
        "release_date": null,
        "update": false,
        "genres": [
            45
        ]
    }
},
{
    "model": "game_database.game",
    "pk": 420,
    "fields": {
        "title": "Half-Life",
        "db_id": "2980",
        "main_time": 12.0,
        "extra_time": 14.0,
        "completion_time": 15.0,
        "release_date": null,
        "update": false,
        "genres": [
            45
        ]
    }
},
{
    "model": "game_database.game",
    "pk": 421,
    "fields": {
        "title": "Seven: Enhanced Edition",
        "db_id": "73551",
        "main_time": 0.0,
        "extra_time": 0.0,
        "completion_time": 0.0,
        "release_date": null,
        "update": false,
        "genres": [
            46,
            49
        ]
    }
},
{
    "model": "game_database.game",
    "pk": 422,
    "fields": {
        "title": "Assassin's Creed: Brotherhood",
        "db_id": "31001",
        "main_time": 15.0,
        "extra_time": 25.5,
        "completion_time": 41.5,
        "release_date": null,
        "update": false,
        "genres": [
            46
        ]
    }
},
{
    "model": "game_database.game",
    "pk": 423,
    "fields": {
        "title": "8-Bit Armies",
        "db_id": "53490",
        "main_time": 7.5,
        "extra_time": 16.0,
        "completion_time": 0.0,
        "release_date": null,
        "update": false,
        "genres": [
            54,
            55
        ]
    }
},
{
    "model": "game_database.game",
    "pk": 424,
    "fields": {
        "title": "Acceleration Of SUGURI 2",
        "db_id": "37241",
        "main_time": 38.0,
        "extra_time": 0.0,
        "completion_time": 11.0,
        "release_date": null,
        "update": false,
        "genres": [
            52,
            56
        ]
    }
},
{
    "model": "game_database.game",
    "pk": 425,
    "fields": {
        "title": "Amnesia: The Dark Descent",
        "db_id": "30087",
        "main_time": 8.0,
        "extra_time": 9.0,
        "completion_time": 10.5,
        "release_date": null,
        "update": false,
        "genres": [
            48,
            53
        ]
    }
},
{
    "model": "game_database.game",
    "pk": 426,
    "fields": {
        "title": "Aragami",
        "db_id": "54143",
        "main_time": 6.5,
        "extra_time": 10.0,
        "completion_time": 18.5,
        "release_date": null,
        "update": false,
        "genres": [
            50
        ]
    }
},
{
    "model": "game_database.game",
    "pk": 427,
    "fields": {
        "title": "Assassin's Creed Chronicles: China",
        "db_id": "49318",
        "main_time": 6.0,
        "extra_time": 9.5,
        "completion_time": 17.0,
        "release_date": null,
        "update": false,
        "genres": [
            46,
            47
        ]
    }
},
{
    "model": "game_database.game",
    "pk": 428,
    "fields": {
        "title": "Batman: Arkham Knight",
        "db_id": "45577",
        "main_time": 16.0,
        "extra_time": 29.0,
        "completion_time": 46.5,
        "release_date": null,
        "update": false,
        "genres": [
            46
        ]
    }
},
{
    "model": "game_database.game",
    "pk": 429,
    "fields": {
        "title": "Bayonetta",
        "db_id": "20710",
        "main_time": 11.0,
        "extra_time": 15.5,
        "completion_time": 43.0,
        "release_date": null,
        "update": false,
        "genres": [
            50
        ]
    }
},
{
    "model": "game_database.game",
    "pk": 430,
    "fields": {
        "title": "Bear With Me",
        "db_id": "54995",
        "main_time": 7.5,
        "extra_time": 8.0,
        "completion_time": 11.0,
        "release_date": null,
        "update": false,
        "genres": [
            53
        ]
    }
},
{
    "model": "game_database.game",
    "pk": 431,
    "fields": {
        "title": "Beholder",
        "db_id": "55285",
        "main_time": 6.0,
        "extra_time": 9.5,
        "completion_time": 19.0,
        "release_date": null,
        "update": false,
        "genres": [
            51,
            55
        ]
    }
},
{
    "model": "game_database.game",
    "pk": 432,
    "fields": {
        "title": "Homeworld Remastered Collection",
        "db_id": "48984",
        "main_time": 24.0,
        "extra_time": 0.0,
        "completion_time": 1.0,
        "release_date": null,
        "update": false,
        "genres": [
            54
        ]
    }
},
{
    "model": "game_database.game",
    "pk": 433,
    "fields": {
        "title": "Door Kickers",
        "db_id": "42792",
        "main_time": 5.0,
        "extra_time": 15.5,
        "completion_time": 41.0,
        "release_date": null,
        "update": false,
        "genres": [
            55
        ]
    }
},
{
    "model": "game_database.game",
    "pk": 434,
    "fields": {
        "title": "Downwell",
        "db_id": "48935",
        "main_time": 8.0,
        "extra_time": 12.0,
        "completion_time": 15.0,
        "release_date": null,
        "update": false,
        "genres": [
            47,
            62
        ]
    }
},
{
    "model": "game_database.game",
    "pk": 435,
    "fields": {
        "title": "TIS-100",
        "db_id": "49901",
        "main_time": 15.5,
        "extra_time": 32.5,
        "completion_time": 49.5,
        "release_date": null,
        "update": false,
        "genres": [
            48,
            51
        ]
    }
},
{
    "model": "game_database.game",
    "pk": 436,
    "fields": {
        "title": "Volgarr the Viking",
        "db_id": "42298",
        "main_time": 9.5,
        "extra_time": 14.0,
        "completion_time": 21.5,
        "release_date": null,
        "update": false,
        "genres": [
            47,
            50
        ]
    }
},
{
    "model": "game_database.game",
    "pk": 437,
    "fields": {
        "title": "Nuclear Throne",
        "db_id": "41999",
        "main_time": 16.0,
        "extra_time": 62.5,
        "completion_time": 194.0,
        "release_date": null,
        "update": false,
        "genres": [
            50,
            52
        ]
    }
},
{
    "model": "game_database.game",
    "pk": 438,
    "fields": {
        "title": "Darkest Dungeon",
        "db_id": "44203",
        "main_time": 53.0,
        "extra_time": 79.5,
        "completion_time": 103.0,
        "release_date": null,
        "update": false,
        "genres": [
            49
        ]
    }
},
{
    "model": "game_database.game",
    "pk": 439,
    "fields": {
        "title": "Wolfenstein 3D",
        "db_id": "7694",
        "main_time": 7.0,
        "extra_time": 10.0,
        "completion_time": 10.5,
        "release_date": null,
        "update": false,
        "genres": [
            45,
            50
        ]
    }
},
{
    "model": "game_database.game",
    "pk": 440,
    "fields": {
        "title": "Tooth and Tail",
        "db_id": "52522",
        "main_time": 9.0,
        "extra_time": 10.0,
        "completion_time": 11.0,
        "release_date": null,
        "update": false,
        "genres": [
            54,
            55
        ]
    }
},
{
    "model": "game_database.game",
    "pk": 441,
    "fields": {
        "title": "Flinthook",
        "db_id": "53249",
        "main_time": 19.5,
        "extra_time": 35.0,
        "completion_time": 53.0,
        "release_date": null,
        "update": false,
        "genres": [
            47
        ]
    }
},
{
    "model": "game_database.game",
    "pk": 442,
    "fields": {
        "title": "Duet",
        "db_id": "44352",
        "main_time": 2.5,
        "extra_time": 6.0,
        "completion_time": 12.5,
        "release_date": null,
        "update": false,
        "genres": []
    }
},
{
    "model": "game_database.game",
    "pk": 443,
    "fields": {
        "title": "Luftrausers",
        "db_id": "39474",
        "main_time": 4.0,
        "extra_time": 6.0,
        "completion_time": 17.0,
        "release_date": null,
        "update": false,
        "genres": [
            62
        ]
    }
},
{
    "model": "game_database.game",
    "pk": 444,
    "fields": {
        "title": "Race the Sun",
        "db_id": "42239",
        "main_time": 6.0,
        "extra_time": 0.0,
        "completion_time": 0.0,
        "release_date": null,
        "update": false,
        "genres": [
            50,
            61
        ]
    }
},
{
    "model": "game_database.game",
    "pk": 445,
    "fields": {
        "title": "Planetbase",
        "db_id": "51197",
        "main_time": 6.5,
        "extra_time": 18.5,
        "completion_time": 0.0,
        "release_date": null,
        "update": false,
        "genres": [
            51,
            55
        ]
    }
},
{
    "model": "game_database.game",
    "pk": 446,
    "fields": {
        "title": "Prison Architect",
        "db_id": "36763",
        "main_time": 15.0,
        "extra_time": 29.5,
        "completion_time": 55.0,
        "release_date": null,
        "update": false,
        "genres": [
            51,
            55
        ]
    }
},
{
    "model": "game_database.game",
    "pk": 447,
    "fields": {
        "title": "ArmA III",
        "db_id": "35383",
        "main_time": 19.5,
        "extra_time": 44.5,
        "completion_time": 86.5,
        "release_date": null,
        "update": false,
        "genres": [
            45,
            51
        ]
    }
},
{
    "model": "game_database.game",
    "pk": 448,
    "fields": {
        "title": "Ashes of the Singularity",
        "db_id": "49088",
        "main_time": 11.0,
        "extra_time": 0.0,
        "completion_time": 0.0,
        "release_date": null,
        "update": false,
        "genres": [
            54
        ]
    }
},
{
    "model": "game_database.game",
    "pk": 449,
    "fields": {
        "title": "Assassin's Creed: Rogue",
        "db_id": "47291",
        "main_time": 10.5,
        "extra_time": 21.0,
        "completion_time": 37.0,
        "release_date": null,
        "update": false,
        "genres": [
            46
        ]
    }
},
{
    "model": "game_database.game",
    "pk": 450,
    "fields": {
        "title": "Batman: Arkham Origins",
        "db_id": "42245",
        "main_time": 12.5,
        "extra_time": 22.0,
        "completion_time": 37.0,
        "release_date": null,
        "update": false,
        "genres": [
            46,
            57
        ]
    }
},
{
    "model": "game_database.game",
    "pk": 451,
    "fields": {
        "title": "Harbinger",
        "db_id": "19761",
        "main_time": 0.0,
        "extra_time": 0.0,
        "completion_time": 0.0,
        "release_date": null,
        "update": false,
        "genres": [
            49,
            50
        ]
    }
},
{
    "model": "game_database.game",
    "pk": 452,
    "fields": {
        "title": "FTL: Faster Than Light",
        "db_id": "37770",
        "main_time": 11.5,
        "extra_time": 30.0,
        "completion_time": 125.0,
        "release_date": null,
        "update": false,
        "genres": [
            49,
            55
        ]
    }
},
{
    "model": "game_database.game",
    "pk": 453,
    "fields": {
        "title": "Xenon Valkyrie",
        "db_id": "58180",
        "main_time": 0.0,
        "extra_time": 12.0,
        "completion_time": 0.0,
        "release_date": null,
        "update": false,
        "genres": []
    }
},
{
    "model": "game_database.game",
    "pk": 454,
    "fields": {
        "title": "Kingdom",
        "db_id": "47635",
        "main_time": 27.0,
        "extra_time": 40.0,
        "completion_time": 61.5,
        "release_date": null,
        "update": false,
        "genres": [
            51,
            53,
            55
        ]
    }
},
{
    "model": "game_database.game",
    "pk": 455,
    "fields": {
        "title": "Viscera Cleanup Detail: Shadow Warrior",
        "db_id": "44694",
        "main_time": 1.5,
        "extra_time": 2.0,
        "completion_time": 2.0,
        "release_date": null,
        "update": false,
        "genres": [
            50,
            51
        ]
    }
},
{
    "model": "game_database.game",
    "pk": 456,
    "fields": {
        "title": "The Wolf Among Us",
        "db_id": "34213",
        "main_time": 9.0,
        "extra_time": 0.0,
        "completion_time": 0.0,
        "release_date": null,
        "update": false,
        "genres": [
            53
        ]
    }
},
{
    "model": "game_database.game",
    "pk": 457,
    "fields": {
        "title": "That Dragon, Cancer",
        "db_id": "43546",
        "main_time": 2.0,
        "extra_time": 2.0,
        "completion_time": 2.0,
        "release_date": null,
        "update": false,
        "genres": [
            53
        ]
    }
},
{
    "model": "game_database.game",
    "pk": 458,
    "fields": {
        "title": "Master of Orion",
        "db_id": "49906",
        "main_time": 30.0,
        "extra_time": 0.0,
        "completion_time": 0.0,
        "release_date": null,
        "update": false,
        "genres": [
            55
        ]
    }
},
{
    "model": "game_database.game",
    "pk": 459,
    "fields": {
        "title": "Enter the Gungeon",
        "db_id": "48332",
        "main_time": 16.0,
        "extra_time": 39.5,
        "completion_time": 148.0,
        "release_date": null,
        "update": false,
        "genres": [
            46,
            49,
            52
        ]
    }
},
{
    "model": "game_database.game",
    "pk": 460,
    "fields": {
        "title": "Furi",
        "db_id": "52304",
        "main_time": 6.0,
        "extra_time": 7.5,
        "completion_time": 16.0,
        "release_date": null,
        "update": false,
        "genres": [
            50,
            66
        ]
    }
},
{
    "model": "game_database.game",
    "pk": 461,
    "fields": {
        "title": "Owlboy",
        "db_id": "23714",
        "main_time": 8.0,
        "extra_time": 10.0,
        "completion_time": 12.5,
        "release_date": null,
        "update": false,
        "genres": [
            46,
            47
        ]
    }
},
{
    "model": "game_database.game",
    "pk": 462,
    "fields": {
        "title": "Night in the Woods",
        "db_id": "44986",
        "main_time": 8.5,
        "extra_time": 11.5,
        "completion_time": 23.5,
        "release_date": null,
        "update": false,
        "genres": [
            47,
            53
        ]
    }
},
{
    "model": "game_database.game",
    "pk": 463,
    "fields": {
        "title": "Hollow Knight",
        "db_id": "48412",
        "main_time": 23.0,
        "extra_time": 35.5,
        "completion_time": 49.0,
        "release_date": null,
        "update": false,
        "genres": [
            46,
            47
        ]
    }
},
{
    "model": "game_database.game",
    "pk": 464,
    "fields": {
        "title": "Euro Truck Simulator 2",
        "db_id": "40197",
        "main_time": 39.5,
        "extra_time": 69.0,
        "completion_time": 362.0,
        "release_date": null,
        "update": false,
        "genres": [
            51,
            61
        ]
    }
},
{
    "model": "game_database.game",
    "pk": 465,
    "fields": {
        "title": "Europa Universalis",
        "db_id": "11305",
        "main_time": 0.0,
        "extra_time": 20.0,
        "completion_time": 0.0,
        "release_date": null,
        "update": false,
        "genres": [
            51,
            55
        ]
    }
},
{
    "model": "game_database.game",
    "pk": 466,
    "fields": {
        "title": "Farming Simulator 17",
        "db_id": "54151",
        "main_time": 37.0,
        "extra_time": 150.0,
        "completion_time": 0.0,
        "release_date": null,
        "update": false,
        "genres": [
            51
        ]
    }
},
{
    "model": "game_database.game",
    "pk": 467,
    "fields": {
        "title": "Final Fantasy XV",
        "db_id": "21006",
        "main_time": 28.0,
        "extra_time": 54.0,
        "completion_time": 92.5,
        "release_date": null,
        "update": false,
        "genres": [
            46,
            49,
            50
        ]
    }
},
{
    "model": "game_database.game",
    "pk": 468,
    "fields": {
        "title": "Hearts of Iron IV",
        "db_id": "45214",
        "main_time": 44.5,
        "extra_time": 242.0,
        "completion_time": 423.0,
        "release_date": null,
        "update": false,
        "genres": [
            55
        ]
    }
},
{
    "model": "game_database.game",
    "pk": 469,
    "fields": {
        "title": "Hitman",
        "db_id": "45150",
        "main_time": 10.5,
        "extra_time": 27.5,
        "completion_time": 93.5,
        "release_date": null,
        "update": false,
        "genres": [
            46
        ]
    }
},
{
    "model": "game_database.game",
    "pk": 470,
    "fields": {
        "title": "Just Cause 3",
        "db_id": "48207",
        "main_time": 17.0,
        "extra_time": 34.0,
        "completion_time": 56.0,
        "release_date": null,
        "update": false,
        "genres": [
            50
        ]
    }
},
{
    "model": "game_database.game",
    "pk": 471,
    "fields": {
        "title": "Life Is Strange: Before the Storm",
        "db_id": "59903",
        "main_time": 10.0,
        "extra_time": 11.5,
        "completion_time": 12.5,
        "release_date": null,
        "update": false,
        "genres": [
            53
        ]
    }
},
{
    "model": "game_database.game",
    "pk": 472,
    "fields": {
        "title": "Guacamelee!",
        "db_id": "37673",
        "main_time": 6.0,
        "extra_time": 8.5,
        "completion_time": 14.0,
        "release_date": null,
        "update": false,
        "genres": [
            47,
            50,
            57
        ]
    }
},
{
    "model": "game_database.game",
    "pk": 473,
    "fields": {
        "title": "The Witcher 3: Wild Hunt",
        "db_id": "41484",
        "main_time": 51.0,
        "extra_time": 103.0,
        "completion_time": 172.0,
        "release_date": null,
        "update": false,
        "genres": [
            46,
            49
        ]
    }
},
{
    "model": "game_database.game",
    "pk": 474,
    "fields": {
        "title": "NieR:Automata",
        "db_id": "49998",
        "main_time": 20.5,
        "extra_time": 37.5,
        "completion_time": 60.5,
        "release_date": null,
        "update": false,
        "genres": [
            49,
            50
        ]
    }
},
{
    "model": "game_database.game",
    "pk": 475,
    "fields": {
        "title": "The Evil Within 2",
        "db_id": "59907",
        "main_time": 13.0,
        "extra_time": 18.5,
        "completion_time": 28.0,
        "release_date": null,
        "update": false,
        "genres": [
            52
        ]
    }
},
{
    "model": "game_database.game",
    "pk": 476,
    "fields": {
        "title": "Final Fantasy XII: The Zodiac Age",
        "db_id": "54121",
        "main_time": 40.0,
        "extra_time": 61.5,
        "completion_time": 98.0,
        "release_date": null,
        "update": false,
        "genres": [
            49
        ]
    }
},
{
    "model": "game_database.game",
    "pk": 477,
    "fields": {
        "title": "I Am Setsuna",
        "db_id": "50001",
        "main_time": 20.5,
        "extra_time": 25.5,
        "completion_time": 45.5,
        "release_date": null,
        "update": false,
        "genres": [
            49
        ]
    }
},
{
    "model": "game_database.game",
    "pk": 478,
    "fields": {
        "title": "Kingdom Come: Deliverance",
        "db_id": "44790",
        "main_time": 40.0,
        "extra_time": 71.5,
        "completion_time": 123.0,
        "release_date": null,
        "update": false,
        "genres": [
            49,
            50
        ]
    }
},
{
    "model": "game_database.platform",
    "pk": 3,
    "fields": {
        "name": "PC"
    }
},
{
    "model": "game_database.platform",
    "pk": 4,
    "fields": {
        "name": "Android"
    }
},
{
    "model": "game_database.gameversion",
    "pk": 174,
    "fields": {
        "parent_game": 233,
        "platform": 3,
        "release_date": "2013-09-26",
        "db_id": "129260",
        "update": false
    }
},
{
    "model": "game_database.gameversion",
    "pk": 175,
    "fields": {
        "parent_game": 234,
        "platform": 3,
        "release_date": "2014-02-25",
        "db_id": "125787",
        "update": false
    }
},
{
    "model": "game_database.gameversion",
    "pk": 176,
    "fields": {
        "parent_game": 235,
        "platform": 3,
        "release_date": "2013-01-15",
        "db_id": "117236",
        "update": false
    }
},
{
    "model": "game_database.gameversion",
    "pk": 177,
    "fields": {
        "parent_game": 236,
        "platform": 3,
        "release_date": "2016-05-13",
        "db_id": "137133",
        "update": false
    }
},
{
    "model": "game_database.gameversion",
    "pk": 178,
    "fields": {
        "parent_game": 237,
        "platform": 3,
        "release_date": "2013-11-22",
        "db_id": "125659",
        "update": false
    }
},
{
    "model": "game_database.gameversion",
    "pk": 179,
    "fields": {
        "parent_game": 238,
        "platform": 3,
        "release_date": "2008-04-09",
        "db_id": "74160",
        "update": false
    }
},
{
    "model": "game_database.gameversion",
    "pk": 180,
    "fields": {
        "parent_game": 239,
        "platform": 3,
        "release_date": "2011-04-19",
        "db_id": "96873",
        "update": false
    }
},
{
    "model": "game_database.gameversion",
    "pk": 181,
    "fields": {
        "parent_game": 240,
        "platform": 3,
        "release_date": "2011-11-11",
        "db_id": "105774",
        "update": false
    }
},
{
    "model": "game_database.gameversion",
    "pk": 182,
    "fields": {
        "parent_game": 241,
        "platform": 3,
        "release_date": "2012-05-01",
        "db_id": "116239",
        "update": false
    }
},
{
    "model": "game_database.gameversion",
    "pk": 183,
    "fields": {
        "parent_game": 242,
        "platform": 3,
        "release_date": "2004-11-16",
        "db_id": "4020",
        "update": false
    }
},
{
    "model": "game_database.gameversion",
    "pk": 184,
    "fields": {
        "parent_game": 243,
        "platform": 3,
        "release_date": "2013-08-07",
        "db_id": "128595",
        "update": false
    }
},
{
    "model": "game_database.gameversion",
    "pk": 185,
    "fields": {
        "parent_game": 244,
        "platform": 3,
        "release_date": "2013-06-03",
        "db_id": "127667",
        "update": false
    }
},
{
    "model": "game_database.gameversion",
    "pk": 186,
    "fields": {
        "parent_game": 245,
        "platform": 3,
        "release_date": "2006-06-01",
        "db_id": "74142",
        "update": false
    }
},
{
    "model": "game_database.gameversion",
    "pk": 187,
    "fields": {
        "parent_game": 246,
        "platform": 3,
        "release_date": "2013-08-08",
        "db_id": "129071",
        "update": false
    }
},
{
    "model": "game_database.gameversion",
    "pk": 188,
    "fields": {
        "parent_game": 247,
        "platform": 3,
        "release_date": "2013-06-27",
        "db_id": "128112",
        "update": false
    }
},
{
    "model": "game_database.gameversion",
    "pk": 189,
    "fields": {
        "parent_game": 248,
        "platform": 3,
        "release_date": "2010-10-20",
        "db_id": "104024",
        "update": false
    }
},
{
    "model": "game_database.gameversion",
    "pk": 190,
    "fields": {
        "parent_game": 249,
        "platform": 3,
        "release_date": "2013-02-22",
        "db_id": "124973",
        "update": false
    }
},
{
    "model": "game_database.gameversion",
    "pk": 191,
    "fields": {
        "parent_game": 250,
        "platform": 3,
        "release_date": "2014-05-20",
        "db_id": "133039",
        "update": false
    }
},
{
    "model": "game_database.gameversion",
    "pk": 192,
    "fields": {
        "parent_game": 251,
        "platform": 3,
        "release_date": "2014-09-25",
        "db_id": "137764",
        "update": false
    }
},
{
    "model": "game_database.gameversion",
    "pk": 193,
    "fields": {
        "parent_game": 252,
        "platform": 3,
        "release_date": "2011-07-20",
        "db_id": "110287",
        "update": false
    }
},
{
    "model": "game_database.gameversion",
    "pk": 194,
    "fields": {
        "parent_game": 253,
        "platform": 3,
        "release_date": "2010-03-05",
        "db_id": "88880",
        "update": false
    }
},
{
    "model": "game_database.gameversion",
    "pk": 195,
    "fields": {
        "parent_game": 254,
        "platform": 3,
        "release_date": "2011-08-23",
        "db_id": "84570",
        "update": false
    }
},
{
    "model": "game_database.gameversion",
    "pk": 196,
    "fields": {
        "parent_game": 255,
        "platform": 3,
        "release_date": "2012-11-20",
        "db_id": "115760",
        "update": false
    }
},
{
    "model": "game_database.gameversion",
    "pk": 197,
    "fields": {
        "parent_game": 256,
        "platform": 3,
        "release_date": "2014-07-21",
        "db_id": "136429",
        "update": false
    }
},
{
    "model": "game_database.gameversion",
    "pk": 198,
    "fields": {
        "parent_game": 257,
        "platform": 3,
        "release_date": "2013-04-24",
        "db_id": "115340",
        "update": false
    }
},
{
    "model": "game_database.gameversion",
    "pk": 199,
    "fields": {
        "parent_game": 258,
        "platform": 3,
        "release_date": "2012-06-26",
        "db_id": "98634",
        "update": false
    }
},
{
    "model": "game_database.gameversion",
    "pk": 200,
    "fields": {
        "parent_game": 259,
        "platform": 3,
        "release_date": "2014-10-07",
        "db_id": "132470",
        "update": false
    }
},
{
    "model": "game_database.gameversion",
    "pk": 201,
    "fields": {
        "parent_game": 260,
        "platform": 3,
        "release_date": "2013-08-08",
        "db_id": "128959",
        "update": false
    }
},
{
    "model": "game_database.gameversion",
    "pk": 202,
    "fields": {
        "parent_game": 261,
        "platform": 3,
        "release_date": "2012-10-23",
        "db_id": "120290",
        "update": false
    }
},
{
    "model": "game_database.gameversion",
    "pk": 203,
    "fields": {
        "parent_game": 262,
        "platform": 3,
        "release_date": "2013-03-05",
        "db_id": "117565",
        "update": false
    }
},
{
    "model": "game_database.gameversion",
    "pk": 204,
    "fields": {
        "parent_game": 263,
        "platform": 3,
        "release_date": "2015-02-04",
        "db_id": "140282",
        "update": false
    }
},
{
    "model": "game_database.gameversion",
    "pk": 205,
    "fields": {
        "parent_game": 264,
        "platform": 3,
        "release_date": "2010-01-07",
        "db_id": "82399",
        "update": false
    }
},
{
    "model": "game_database.gameversion",
    "pk": 206,
    "fields": {
        "parent_game": 265,
        "platform": 3,
        "release_date": "2012-09-07",
        "db_id": "119048",
        "update": false
    }
},
{
    "model": "game_database.gameversion",
    "pk": 207,
    "fields": {
        "parent_game": 266,
        "platform": 3,
        "release_date": "2012-08-14",
        "db_id": "91877",
        "update": false
    }
},
{
    "model": "game_database.gameversion",
    "pk": 208,
    "fields": {
        "parent_game": 267,
        "platform": 3,
        "release_date": "2012-10-09",
        "db_id": "117244",
        "update": false
    }
},
{
    "model": "game_database.gameversion",
    "pk": 209,
    "fields": {
        "parent_game": 268,
        "platform": 3,
        "release_date": "2014-03-03",
        "db_id": "145500",
        "update": false
    }
},
{
    "model": "game_database.gameversion",
    "pk": 210,
    "fields": {
        "parent_game": 269,
        "platform": 3,
        "release_date": "2014-05-20",
        "db_id": "133855",
        "update": false
    }
},
{
    "model": "game_database.gameversion",
    "pk": 211,
    "fields": {
        "parent_game": 270,
        "platform": 3,
        "release_date": "2011-11-15",
        "db_id": "112611",
        "update": false
    }
},
{
    "model": "game_database.gameversion",
    "pk": 212,
    "fields": {
        "parent_game": 271,
        "platform": 3,
        "release_date": "2014-11-18",
        "db_id": "138438",
        "update": false
    }
},
{
    "model": "game_database.gameversion",
    "pk": 213,
    "fields": {
        "parent_game": 272,
        "platform": 3,
        "release_date": "2015-03-10",
        "db_id": "140411",
        "update": false
    }
},
{
    "model": "game_database.gameversion",
    "pk": 214,
    "fields": {
        "parent_game": 273,
        "platform": 3,
        "release_date": "2015-01-23",
        "db_id": "139719",
        "update": false
    }
},
{
    "model": "game_database.gameversion",
    "pk": 215,
    "fields": {
        "parent_game": 274,
        "platform": 3,
        "release_date": "2012-08-14",
        "db_id": "91676",
        "update": false
    }
},
{
    "model": "game_database.gameversion",
    "pk": 216,
    "fields": {
        "parent_game": 275,
        "platform": 3,
        "release_date": "2015-01-30",
        "db_id": "139577",
        "update": false
    }
},
{
    "model": "game_database.gameversion",
    "pk": 217,
    "fields": {
        "parent_game": 276,
        "platform": 3,
        "release_date": "2010-07-21",
        "db_id": "102246",
        "update": false
    }
},
{
    "model": "game_database.gameversion",
    "pk": 218,
    "fields": {
        "parent_game": 277,
        "platform": 3,
        "release_date": "2012-08-15",
        "db_id": "117911",
        "update": false
    }
},
{
    "model": "game_database.gameversion",
    "pk": 219,
    "fields": {
        "parent_game": 278,
        "platform": 3,
        "release_date": "2014-06-03",
        "db_id": "134852",
        "update": false
    }
},
{
    "model": "game_database.gameversion",
    "pk": 220,
    "fields": {
        "parent_game": 279,
        "platform": 3,
        "release_date": "2015-05-14",
        "db_id": "141613",
        "update": false
    }
},
{
    "model": "game_database.gameversion",
    "pk": 221,
    "fields": {
        "parent_game": 280,
        "platform": 3,
        "release_date": "2014-03-18",
        "db_id": "131433",
        "update": false
    }
},
{
    "model": "game_database.gameversion",
    "pk": 222,
    "fields": {
        "parent_game": 281,
        "platform": 3,
        "release_date": "2013-10-17",
        "db_id": "130853",
        "update": false
    }
},
{
    "model": "game_database.gameversion",
    "pk": 223,
    "fields": {
        "parent_game": 282,
        "platform": 3,
        "release_date": "2012-06-30",
        "db_id": "120481",
        "update": false
    }
},
{
    "model": "game_database.gameversion",
    "pk": 224,
    "fields": {
        "parent_game": 283,
        "platform": 3,
        "release_date": "2009-10-13",
        "db_id": "73327",
        "update": false
    }
},
{
    "model": "game_database.gameversion",
    "pk": 225,
    "fields": {
        "parent_game": 284,
        "platform": 3,
        "release_date": "2015-08-20",
        "db_id": "142886",
        "update": false
    }
},
{
    "model": "game_database.gameversion",
    "pk": 226,
    "fields": {
        "parent_game": 285,
        "platform": 3,
        "release_date": "2015-09-01",
        "db_id": "128086",
        "update": false
    }
},
{
    "model": "game_database.gameversion",
    "pk": 227,
    "fields": {
        "parent_game": 286,
        "platform": 3,
        "release_date": "2007-12-04",
        "db_id": "74085",
        "update": false
    }
},
{
    "model": "game_database.gameversion",
    "pk": 228,
    "fields": {
        "parent_game": 287,
        "platform": 3,
        "release_date": "2011-10-18",
        "db_id": "98633",
        "update": false
    }
},
{
    "model": "game_database.gameversion",
    "pk": 229,
    "fields": {
        "parent_game": 288,
        "platform": 3,
        "release_date": "2015-02-17",
        "db_id": "140151",
        "update": false
    }
},
{
    "model": "game_database.gameversion",
    "pk": 230,
    "fields": {
        "parent_game": 289,
        "platform": 3,
        "release_date": "2013-02-19",
        "db_id": "84188",
        "update": false
    }
},
{
    "model": "game_database.gameversion",
    "pk": 231,
    "fields": {
        "parent_game": 290,
        "platform": 3,
        "release_date": "2013-09-17",
        "db_id": "121148",
        "update": false
    }
},
{
    "model": "game_database.gameversion",
    "pk": 232,
    "fields": {
        "parent_game": 291,
        "platform": 3,
        "release_date": "2015-04-14",
        "db_id": "140418",
        "update": false
    }
},
{
    "model": "game_database.gameversion",
    "pk": 233,
    "fields": {
        "parent_game": 292,
        "platform": 3,
        "release_date": "2012-10-23",
        "db_id": "120020",
        "update": false
    }
},
{
    "model": "game_database.gameversion",
    "pk": 234,
    "fields": {
        "parent_game": 293,
        "platform": 3,
        "release_date": "2013-09-04",
        "db_id": "121204",
        "update": false
    }
},
{
    "model": "game_database.gameversion",
    "pk": 235,
    "fields": {
        "parent_game": 294,
        "platform": 3,
        "release_date": "2014-01-14",
        "db_id": "125581",
        "update": false
    }
},
{
    "model": "game_database.gameversion",
    "pk": 236,
    "fields": {
        "parent_game": 295,
        "platform": 3,
        "release_date": "2014-09-19",
        "db_id": "137949",
        "update": false
    }
},
{
    "model": "game_database.gameversion",
    "pk": 237,
    "fields": {
        "parent_game": 296,
        "platform": 3,
        "release_date": "2016-01-04",
        "db_id": "145592",
        "update": false
    }
},
{
    "model": "game_database.gameversion",
    "pk": 238,
    "fields": {
        "parent_game": 297,
        "platform": 3,
        "release_date": "2013-09-26",
        "db_id": "130356",
        "update": false
    }
},
{
    "model": "game_database.gameversion",
    "pk": 239,
    "fields": {
        "parent_game": 298,
        "platform": 3,
        "release_date": null,
        "db_id": "",
        "update": true
    }
},
{
    "model": "game_database.gameversion",
    "pk": 240,
    "fields": {
        "parent_game": 299,
        "platform": 3,
        "release_date": "2012-04-11",
        "db_id": "116028",
        "update": false
    }
},
{
    "model": "game_database.gameversion",
    "pk": 241,
    "fields": {
        "parent_game": 300,
        "platform": 3,
        "release_date": "2015-09-29",
        "db_id": "143920",
        "update": false
    }
},
{
    "model": "game_database.gameversion",
    "pk": 242,
    "fields": {
        "parent_game": 301,
        "platform": 3,
        "release_date": "2012-10-30",
        "db_id": "115544",
        "update": false
    }
},
{
    "model": "game_database.gameversion",
    "pk": 243,
    "fields": {
        "parent_game": 302,
        "platform": 3,
        "release_date": "2014-10-07",
        "db_id": "137486",
        "update": false
    }
},
{
    "model": "game_database.gameversion",
    "pk": 244,
    "fields": {
        "parent_game": 303,
        "platform": 3,
        "release_date": "2016-01-19",
        "db_id": "145684",
        "update": false
    }
},
{
    "model": "game_database.gameversion",
    "pk": 245,
    "fields": {
        "parent_game": 304,
        "platform": 3,
        "release_date": "2013-05-30",
        "db_id": "127644",
        "update": false
    }
},
{
    "model": "game_database.gameversion",
    "pk": 246,
    "fields": {
        "parent_game": 305,
        "platform": 3,
        "release_date": "2015-06-09",
        "db_id": "146422",
        "update": false
    }
},
{
    "model": "game_database.gameversion",
    "pk": 247,
    "fields": {
        "parent_game": 306,
        "platform": 3,
        "release_date": "2015-03-09",
        "db_id": "140477",
        "update": false
    }
},
{
    "model": "game_database.gameversion",
    "pk": 248,
    "fields": {
        "parent_game": 307,
        "platform": 3,
        "release_date": "2008-01-22",
        "db_id": "14414",
        "update": false
    }
},
{
    "model": "game_database.gameversion",
    "pk": 249,
    "fields": {
        "parent_game": 308,
        "platform": 3,
        "release_date": "2010-05-18",
        "db_id": "84077",
        "update": false
    }
},
{
    "model": "game_database.gameversion",
    "pk": 250,
    "fields": {
        "parent_game": 309,
        "platform": 3,
        "release_date": "2017-01-12",
        "db_id": "151627",
        "update": false
    }
},
{
    "model": "game_database.gameversion",
    "pk": 251,
    "fields": {
        "parent_game": 310,
        "platform": 3,
        "release_date": "2012-09-20",
        "db_id": "104299",
        "update": false
    }
},
{
    "model": "game_database.gameversion",
    "pk": 252,
    "fields": {
        "parent_game": 311,
        "platform": 3,
        "release_date": "2014-07-01",
        "db_id": "135039",
        "update": false
    }
},
{
    "model": "game_database.gameversion",
    "pk": 253,
    "fields": {
        "parent_game": 312,
        "platform": 3,
        "release_date": "2010-03-23",
        "db_id": "84257",
        "update": false
    }
},
{
    "model": "game_database.gameversion",
    "pk": 254,
    "fields": {
        "parent_game": 313,
        "platform": 3,
        "release_date": "2016-04-21",
        "db_id": "147312",
        "update": false
    }
},
{
    "model": "game_database.gameversion",
    "pk": 255,
    "fields": {
        "parent_game": 314,
        "platform": 3,
        "release_date": "2013-08-28",
        "db_id": "129254",
        "update": false
    }
},
{
    "model": "game_database.gameversion",
    "pk": 256,
    "fields": {
        "parent_game": 315,
        "platform": 3,
        "release_date": "2016-11-08",
        "db_id": "150585",
        "update": false
    }
},
{
    "model": "game_database.gameversion",
    "pk": 257,
    "fields": {
        "parent_game": 316,
        "platform": 3,
        "release_date": "2012-10-11",
        "db_id": "120015",
        "update": false
    }
},
{
    "model": "game_database.gameversion",
    "pk": 258,
    "fields": {
        "parent_game": 317,
        "platform": 3,
        "release_date": "2016-10-25",
        "db_id": "150482",
        "update": false
    }
},
{
    "model": "game_database.gameversion",
    "pk": 259,
    "fields": {
        "parent_game": 318,
        "platform": 3,
        "release_date": "2015-10-23",
        "db_id": "144438",
        "update": false
    }
},
{
    "model": "game_database.gameversion",
    "pk": 260,
    "fields": {
        "parent_game": 319,
        "platform": 3,
        "release_date": "2014-02-22",
        "db_id": "132627",
        "update": false
    }
},
{
    "model": "game_database.gameversion",
    "pk": 261,
    "fields": {
        "parent_game": 320,
        "platform": 3,
        "release_date": "2016-10-28",
        "db_id": "149794",
        "update": false
    }
},
{
    "model": "game_database.gameversion",
    "pk": 262,
    "fields": {
        "parent_game": 321,
        "platform": 3,
        "release_date": null,
        "db_id": "",
        "update": true
    }
},
{
    "model": "game_database.gameversion",
    "pk": 263,
    "fields": {
        "parent_game": 322,
        "platform": 3,
        "release_date": "2008-10-14",
        "db_id": "72740",
        "update": false
    }
},
{
    "model": "game_database.gameversion",
    "pk": 264,
    "fields": {
        "parent_game": 323,
        "platform": 3,
        "release_date": "2013-03-12",
        "db_id": "116449",
        "update": false
    }
},
{
    "model": "game_database.gameversion",
    "pk": 265,
    "fields": {
        "parent_game": 324,
        "platform": 3,
        "release_date": "2011-09-07",
        "db_id": "112653",
        "update": false
    }
},
{
    "model": "game_database.gameversion",
    "pk": 266,
    "fields": {
        "parent_game": 325,
        "platform": 3,
        "release_date": null,
        "db_id": "",
        "update": true
    }
},
{
    "model": "game_database.gameversion",
    "pk": 267,
    "fields": {
        "parent_game": 326,
        "platform": 3,
        "release_date": "2018-02-13",
        "db_id": "158626",
        "update": false
    }
},
{
    "model": "game_database.gameversion",
    "pk": 268,
    "fields": {
        "parent_game": 327,
        "platform": 3,
        "release_date": "2017-03-21",
        "db_id": "153196",
        "update": false
    }
},
{
    "model": "game_database.gameversion",
    "pk": 269,
    "fields": {
        "parent_game": 328,
        "platform": 3,
        "release_date": "2015-03-06",
        "db_id": "140431",
        "update": false
    }
},
{
    "model": "game_database.gameversion",
    "pk": 270,
    "fields": {
        "parent_game": 329,
        "platform": 3,
        "release_date": "2008-08-06",
        "db_id": "72515",
        "update": false
    }
},
{
    "model": "game_database.gameversion",
    "pk": 271,
    "fields": {
        "parent_game": 330,
        "platform": 3,
        "release_date": "2010-10-04",
        "db_id": "104618",
        "update": false
    }
},
{
    "model": "game_database.gameversion",
    "pk": 272,
    "fields": {
        "parent_game": 331,
        "platform": 3,
        "release_date": "2012-02-22",
        "db_id": "115113",
        "update": false
    }
},
{
    "model": "game_database.gameversion",
    "pk": 273,
    "fields": {
        "parent_game": 332,
        "platform": 3,
        "release_date": "2015-09-22",
        "db_id": "142985",
        "update": false
    }
},
{
    "model": "game_database.gameversion",
    "pk": 274,
    "fields": {
        "parent_game": 333,
        "platform": 3,
        "release_date": "2016-01-08",
        "db_id": "145591",
        "update": false
    }
},
{
    "model": "game_database.gameversion",
    "pk": 275,
    "fields": {
        "parent_game": 334,
        "platform": 3,
        "release_date": "2016-08-16",
        "db_id": "149014",
        "update": false
    }
},
{
    "model": "game_database.gameversion",
    "pk": 276,
    "fields": {
        "parent_game": 335,
        "platform": 3,
        "release_date": null,
        "db_id": "",
        "update": true
    }
},
{
    "model": "game_database.gameversion",
    "pk": 277,
    "fields": {
        "parent_game": 336,
        "platform": 3,
        "release_date": "2017-09-08",
        "db_id": "153344",
        "update": false
    }
},
{
    "model": "game_database.gameversion",
    "pk": 278,
    "fields": {
        "parent_game": 337,
        "platform": 3,
        "release_date": "2001-12-12",
        "db_id": "79664",
        "update": false
    }
},
{
    "model": "game_database.gameversion",
    "pk": 279,
    "fields": {
        "parent_game": 338,
        "platform": 3,
        "release_date": "2018-05-22",
        "db_id": "160257",
        "update": false
    }
},
{
    "model": "game_database.gameversion",
    "pk": 280,
    "fields": {
        "parent_game": 339,
        "platform": 3,
        "release_date": "2015-02-03",
        "db_id": "139857",
        "update": false
    }
},
{
    "model": "game_database.gameversion",
    "pk": 281,
    "fields": {
        "parent_game": 340,
        "platform": 3,
        "release_date": "2014-02-19",
        "db_id": "154309",
        "update": false
    }
},
{
    "model": "game_database.gameversion",
    "pk": 282,
    "fields": {
        "parent_game": 341,
        "platform": 3,
        "release_date": "2014-12-11",
        "db_id": "139100",
        "update": false
    }
},
{
    "model": "game_database.gameversion",
    "pk": 283,
    "fields": {
        "parent_game": 342,
        "platform": 3,
        "release_date": "2010-10-21",
        "db_id": "92811",
        "update": false
    }
},
{
    "model": "game_database.gameversion",
    "pk": 284,
    "fields": {
        "parent_game": 343,
        "platform": 3,
        "release_date": "2011-06-14",
        "db_id": "109556",
        "update": false
    }
},
{
    "model": "game_database.gameversion",
    "pk": 285,
    "fields": {
        "parent_game": 344,
        "platform": 3,
        "release_date": "2018-01-23",
        "db_id": "159492",
        "update": false
    }
},
{
    "model": "game_database.gameversion",
    "pk": 286,
    "fields": {
        "parent_game": 345,
        "platform": 3,
        "release_date": "2015-09-09",
        "db_id": "143341",
        "update": false
    }
},
{
    "model": "game_database.gameversion",
    "pk": 287,
    "fields": {
        "parent_game": 346,
        "platform": 3,
        "release_date": "2016-07-26",
        "db_id": "148668",
        "update": false
    }
},
{
    "model": "game_database.gameversion",
    "pk": 288,
    "fields": {
        "parent_game": 347,
        "platform": 4,
        "release_date": "2014-05-14",
        "db_id": "139968",
        "update": false
    }
},
{
    "model": "game_database.gameversion",
    "pk": 289,
    "fields": {
        "parent_game": 348,
        "platform": 3,
        "release_date": "2014-08-06",
        "db_id": "136508",
        "update": false
    }
},
{
    "model": "game_database.gameversion",
    "pk": 290,
    "fields": {
        "parent_game": 349,
        "platform": 3,
        "release_date": "2016-01-19",
        "db_id": "145752",
        "update": false
    }
},
{
    "model": "game_database.gameversion",
    "pk": 291,
    "fields": {
        "parent_game": 350,
        "platform": 3,
        "release_date": "2014-01-30",
        "db_id": "128001",
        "update": false
    }
},
{
    "model": "game_database.gameversion",
    "pk": 292,
    "fields": {
        "parent_game": 351,
        "platform": 3,
        "release_date": "2017-02-15",
        "db_id": "152555",
        "update": false
    }
},
{
    "model": "game_database.gameversion",
    "pk": 293,
    "fields": {
        "parent_game": 352,
        "platform": 3,
        "release_date": "2014-07-31",
        "db_id": "136399",
        "update": false
    }
},
{
    "model": "game_database.gameversion",
    "pk": 294,
    "fields": {
        "parent_game": 353,
        "platform": 3,
        "release_date": "2013-02-18",
        "db_id": "125332",
        "update": false
    }
},
{
    "model": "game_database.gameversion",
    "pk": 295,
    "fields": {
        "parent_game": 354,
        "platform": 3,
        "release_date": "2017-03-28",
        "db_id": "152425",
        "update": false
    }
},
{
    "model": "game_database.gameversion",
    "pk": 296,
    "fields": {
        "parent_game": 355,
        "platform": 3,
        "release_date": "2017-04-25",
        "db_id": "153714",
        "update": false
    }
},
{
    "model": "game_database.gameversion",
    "pk": 297,
    "fields": {
        "parent_game": 356,
        "platform": 3,
        "release_date": "2012-08-01",
        "db_id": "117912",
        "update": false
    }
},
{
    "model": "game_database.gameversion",
    "pk": 298,
    "fields": {
        "parent_game": 357,
        "platform": 3,
        "release_date": "2016-05-03",
        "db_id": "137979",
        "update": false
    }
},
{
    "model": "game_database.gameversion",
    "pk": 299,
    "fields": {
        "parent_game": 358,
        "platform": 3,
        "release_date": "2017-09-26",
        "db_id": "156108",
        "update": false
    }
},
{
    "model": "game_database.gameversion",
    "pk": 300,
    "fields": {
        "parent_game": 359,
        "platform": 3,
        "release_date": "2017-08-08",
        "db_id": "155625",
        "update": false
    }
},
{
    "model": "game_database.gameversion",
    "pk": 301,
    "fields": {
        "parent_game": 360,
        "platform": 3,
        "release_date": "2017-10-03",
        "db_id": "156762",
        "update": false
    }
},
{
    "model": "game_database.gameversion",
    "pk": 302,
    "fields": {
        "parent_game": 361,
        "platform": 3,
        "release_date": "2008-10-13",
        "db_id": "77625",
        "update": false
    }
},
{
    "model": "game_database.gameversion",
    "pk": 303,
    "fields": {
        "parent_game": 362,
        "platform": 3,
        "release_date": "2017-08-15",
        "db_id": "151806",
        "update": false
    }
},
{
    "model": "game_database.gameversion",
    "pk": 304,
    "fields": {
        "parent_game": 363,
        "platform": 3,
        "release_date": "2015-09-01",
        "db_id": "128557",
        "update": false
    }
},
{
    "model": "game_database.gameversion",
    "pk": 305,
    "fields": {
        "parent_game": 364,
        "platform": 3,
        "release_date": null,
        "db_id": "",
        "update": true
    }
},
{
    "model": "game_database.gameversion",
    "pk": 306,
    "fields": {
        "parent_game": 365,
        "platform": 3,
        "release_date": "2007-03-20",
        "db_id": "29875",
        "update": false
    }
},
{
    "model": "game_database.gameversion",
    "pk": 307,
    "fields": {
        "parent_game": 366,
        "platform": 3,
        "release_date": "2012-05-15",
        "db_id": "72743",
        "update": false
    }
},
{
    "model": "game_database.gameversion",
    "pk": 308,
    "fields": {
        "parent_game": 367,
        "platform": 3,
        "release_date": "2013-10-29",
        "db_id": "126365",
        "update": false
    }
},
{
    "model": "game_database.gameversion",
    "pk": 309,
    "fields": {
        "parent_game": 368,
        "platform": 3,
        "release_date": "2007-11-20",
        "db_id": "36165",
        "update": false
    }
},
{
    "model": "game_database.gameversion",
    "pk": 310,
    "fields": {
        "parent_game": 369,
        "platform": 3,
        "release_date": "2010-01-26",
        "db_id": "84232",
        "update": false
    }
},
{
    "model": "game_database.gameversion",
    "pk": 311,
    "fields": {
        "parent_game": 370,
        "platform": 3,
        "release_date": "2008-11-11",
        "db_id": "75394",
        "update": false
    }
},
{
    "model": "game_database.gameversion",
    "pk": 312,
    "fields": {
        "parent_game": 371,
        "platform": 3,
        "release_date": "2013-01-31",
        "db_id": "115333",
        "update": false
    }
},
{
    "model": "game_database.gameversion",
    "pk": 313,
    "fields": {
        "parent_game": 372,
        "platform": 3,
        "release_date": "2008-10-28",
        "db_id": "72475",
        "update": false
    }
},
{
    "model": "game_database.gameversion",
    "pk": 314,
    "fields": {
        "parent_game": 373,
        "platform": 3,
        "release_date": "2013-08-15",
        "db_id": "128973",
        "update": false
    }
},
{
    "model": "game_database.gameversion",
    "pk": 315,
    "fields": {
        "parent_game": 374,
        "platform": 3,
        "release_date": "2005-10-27",
        "db_id": "83884",
        "update": false
    }
},
{
    "model": "game_database.gameversion",
    "pk": 316,
    "fields": {
        "parent_game": 375,
        "platform": 3,
        "release_date": "2001-06-12",
        "db_id": "79811",
        "update": false
    }
},
{
    "model": "game_database.gameversion",
    "pk": 317,
    "fields": {
        "parent_game": 376,
        "platform": 3,
        "release_date": "2005-09-26",
        "db_id": "95371",
        "update": false
    }
},
{
    "model": "game_database.gameversion",
    "pk": 318,
    "fields": {
        "parent_game": 377,
        "platform": 3,
        "release_date": "2007-11-13",
        "db_id": "49716",
        "update": false
    }
},
{
    "model": "game_database.gameversion",
    "pk": 319,
    "fields": {
        "parent_game": 378,
        "platform": 3,
        "release_date": "2011-10-18",
        "db_id": "113583",
        "update": false
    }
},
{
    "model": "game_database.gameversion",
    "pk": 320,
    "fields": {
        "parent_game": 379,
        "platform": 3,
        "release_date": "2015-10-01",
        "db_id": "143931",
        "update": false
    }
},
{
    "model": "game_database.gameversion",
    "pk": 321,
    "fields": {
        "parent_game": 380,
        "platform": 3,
        "release_date": "2014-11-04",
        "db_id": "137471",
        "update": false
    }
},
{
    "model": "game_database.gameversion",
    "pk": 322,
    "fields": {
        "parent_game": 381,
        "platform": 3,
        "release_date": "2015-09-15",
        "db_id": "143665",
        "update": false
    }
},
{
    "model": "game_database.gameversion",
    "pk": 323,
    "fields": {
        "parent_game": 382,
        "platform": 3,
        "release_date": "2014-10-23",
        "db_id": "139192",
        "update": false
    }
},
{
    "model": "game_database.gameversion",
    "pk": 324,
    "fields": {
        "parent_game": 383,
        "platform": 3,
        "release_date": "2007-11-14",
        "db_id": "6778",
        "update": false
    }
},
{
    "model": "game_database.gameversion",
    "pk": 325,
    "fields": {
        "parent_game": 384,
        "platform": 3,
        "release_date": "2009-11-17",
        "db_id": "84193",
        "update": false
    }
},
{
    "model": "game_database.gameversion",
    "pk": 326,
    "fields": {
        "parent_game": 385,
        "platform": 3,
        "release_date": "2012-12-04",
        "db_id": "115948",
        "update": false
    }
},
{
    "model": "game_database.gameversion",
    "pk": 327,
    "fields": {
        "parent_game": 386,
        "platform": 3,
        "release_date": "2013-05-01",
        "db_id": "126650",
        "update": false
    }
},
{
    "model": "game_database.gameversion",
    "pk": 329,
    "fields": {
        "parent_game": 388,
        "platform": 3,
        "release_date": "2011-05-17",
        "db_id": "101345",
        "update": false
    }
},
{
    "model": "game_database.gameversion",
    "pk": 330,
    "fields": {
        "parent_game": 389,
        "platform": 3,
        "release_date": "2012-10-09",
        "db_id": "115336",
        "update": false
    }
},
{
    "model": "game_database.gameversion",
    "pk": 331,
    "fields": {
        "parent_game": 390,
        "platform": 3,
        "release_date": "2012-09-18",
        "db_id": "115620",
        "update": false
    }
},
{
    "model": "game_database.gameversion",
    "pk": 332,
    "fields": {
        "parent_game": 391,
        "platform": 3,
        "release_date": "2014-06-26",
        "db_id": "132619",
        "update": false
    }
},
{
    "model": "game_database.gameversion",
    "pk": 333,
    "fields": {
        "parent_game": 392,
        "platform": 3,
        "release_date": "2014-09-30",
        "db_id": "132672",
        "update": false
    }
},
{
    "model": "game_database.gameversion",
    "pk": 334,
    "fields": {
        "parent_game": 393,
        "platform": 3,
        "release_date": "2009-08-25",
        "db_id": "82409",
        "update": false
    }
},
{
    "model": "game_database.gameversion",
    "pk": 335,
    "fields": {
        "parent_game": 394,
        "platform": 3,
        "release_date": "2014-08-26",
        "db_id": "136723",
        "update": false
    }
},
{
    "model": "game_database.gameversion",
    "pk": 336,
    "fields": {
        "parent_game": 395,
        "platform": 3,
        "release_date": "2014-05-14",
        "db_id": "115781",
        "update": false
    }
},
{
    "model": "game_database.gameversion",
    "pk": 337,
    "fields": {
        "parent_game": 396,
        "platform": 3,
        "release_date": "2011-10-07",
        "db_id": "108519",
        "update": false
    }
},
{
    "model": "game_database.gameversion",
    "pk": 338,
    "fields": {
        "parent_game": 397,
        "platform": 3,
        "release_date": "2010-08-17",
        "db_id": "91459",
        "update": false
    }
},
{
    "model": "game_database.gameversion",
    "pk": 339,
    "fields": {
        "parent_game": 398,
        "platform": 3,
        "release_date": "2007-06-05",
        "db_id": "74467",
        "update": false
    }
},
{
    "model": "game_database.gameversion",
    "pk": 340,
    "fields": {
        "parent_game": 399,
        "platform": 3,
        "release_date": "2015-08-04",
        "db_id": "142537",
        "update": false
    }
},
{
    "model": "game_database.gameversion",
    "pk": 341,
    "fields": {
        "parent_game": 400,
        "platform": 3,
        "release_date": "2009-11-24",
        "db_id": "88325",
        "update": false
    }
},
{
    "model": "game_database.gameversion",
    "pk": 342,
    "fields": {
        "parent_game": 401,
        "platform": 3,
        "release_date": "2016-08-02",
        "db_id": "148847",
        "update": false
    }
},
{
    "model": "game_database.gameversion",
    "pk": 343,
    "fields": {
        "parent_game": 402,
        "platform": 3,
        "release_date": "2013-02-28",
        "db_id": "101328",
        "update": false
    }
},
{
    "model": "game_database.gameversion",
    "pk": 344,
    "fields": {
        "parent_game": 403,
        "platform": 3,
        "release_date": "2012-10-31",
        "db_id": "128823",
        "update": false
    }
},
{
    "model": "game_database.gameversion",
    "pk": 345,
    "fields": {
        "parent_game": 404,
        "platform": 3,
        "release_date": "2011-09-09",
        "db_id": "103054",
        "update": false
    }
},
{
    "model": "game_database.gameversion",
    "pk": 346,
    "fields": {
        "parent_game": 405,
        "platform": 3,
        "release_date": "2005-03-01",
        "db_id": "76480",
        "update": false
    }
},
{
    "model": "game_database.gameversion",
    "pk": 347,
    "fields": {
        "parent_game": 406,
        "platform": 3,
        "release_date": "2015-03-11",
        "db_id": "137792",
        "update": false
    }
},
{
    "model": "game_database.gameversion",
    "pk": 348,
    "fields": {
        "parent_game": 407,
        "platform": 3,
        "release_date": "2017-04-27",
        "db_id": "112101",
        "update": false
    }
},
{
    "model": "game_database.gameversion",
    "pk": 349,
    "fields": {
        "parent_game": 408,
        "platform": 3,
        "release_date": "2007-08-07",
        "db_id": "92122",
        "update": false
    }
},
{
    "model": "game_database.gameversion",
    "pk": 350,
    "fields": {
        "parent_game": 409,
        "platform": 3,
        "release_date": "2008-04-08",
        "db_id": "24226",
        "update": false
    }
},
{
    "model": "game_database.gameversion",
    "pk": 351,
    "fields": {
        "parent_game": 410,
        "platform": 3,
        "release_date": "2010-10-19",
        "db_id": "84234",
        "update": false
    }
},
{
    "model": "game_database.gameversion",
    "pk": 352,
    "fields": {
        "parent_game": 411,
        "platform": 3,
        "release_date": "2008-09-16",
        "db_id": "72812",
        "update": false
    }
},
{
    "model": "game_database.gameversion",
    "pk": 353,
    "fields": {
        "parent_game": 412,
        "platform": 3,
        "release_date": "2006-12-07",
        "db_id": "80605",
        "update": false
    }
},
{
    "model": "game_database.gameversion",
    "pk": 354,
    "fields": {
        "parent_game": 413,
        "platform": 3,
        "release_date": "2009-02-20",
        "db_id": "79719",
        "update": false
    }
},
{
    "model": "game_database.gameversion",
    "pk": 355,
    "fields": {
        "parent_game": 414,
        "platform": 3,
        "release_date": "2016-03-30",
        "db_id": "154611",
        "update": false
    }
},
{
    "model": "game_database.gameversion",
    "pk": 356,
    "fields": {
        "parent_game": 415,
        "platform": 3,
        "release_date": "2010-03-11",
        "db_id": "88198",
        "update": false
    }
},
{
    "model": "game_database.gameversion",
    "pk": 357,
    "fields": {
        "parent_game": 416,
        "platform": 3,
        "release_date": "2014-10-28",
        "db_id": "127569",
        "update": false
    }
},
{
    "model": "game_database.gameversion",
    "pk": 358,
    "fields": {
        "parent_game": 417,
        "platform": 3,
        "release_date": "2007-04-20",
        "db_id": "12330",
        "update": false
    }
},
{
    "model": "game_database.gameversion",
    "pk": 359,
    "fields": {
        "parent_game": 418,
        "platform": 3,
        "release_date": "2017-10-25",
        "db_id": "157033",
        "update": false
    }
},
{
    "model": "game_database.gameversion",
    "pk": 360,
    "fields": {
        "parent_game": 419,
        "platform": 3,
        "release_date": "2011-02-22",
        "db_id": "91517",
        "update": false
    }
},
{
    "model": "game_database.gameversion",
    "pk": 361,
    "fields": {
        "parent_game": 420,
        "platform": 3,
        "release_date": "2002-07-22",
        "db_id": "4663",
        "update": false
    }
},
{
    "model": "game_database.gameversion",
    "pk": 362,
    "fields": {
        "parent_game": 421,
        "platform": 3,
        "release_date": "2017-12-01",
        "db_id": "166201",
        "update": false
    }
},
{
    "model": "game_database.gameversion",
    "pk": 363,
    "fields": {
        "parent_game": 422,
        "platform": 3,
        "release_date": "2010-11-16",
        "db_id": "98752",
        "update": false
    }
},
{
    "model": "game_database.gameversion",
    "pk": 364,
    "fields": {
        "parent_game": 423,
        "platform": 3,
        "release_date": "2016-04-22",
        "db_id": "147284",
        "update": false
    }
},
{
    "model": "game_database.gameversion",
    "pk": 365,
    "fields": {
        "parent_game": 424,
        "platform": 3,
        "release_date": null,
        "db_id": "",
        "update": true
    }
},
{
    "model": "game_database.gameversion",
    "pk": 366,
    "fields": {
        "parent_game": 425,
        "platform": 3,
        "release_date": "2010-09-08",
        "db_id": "104196",
        "update": false
    }
},
{
    "model": "game_database.gameversion",
    "pk": 367,
    "fields": {
        "parent_game": 426,
        "platform": 3,
        "release_date": "2016-10-04",
        "db_id": "149783",
        "update": false
    }
},
{
    "model": "game_database.gameversion",
    "pk": 368,
    "fields": {
        "parent_game": 427,
        "platform": 3,
        "release_date": "2015-04-21",
        "db_id": "140974",
        "update": false
    }
},
{
    "model": "game_database.gameversion",
    "pk": 369,
    "fields": {
        "parent_game": 428,
        "platform": 3,
        "release_date": "2015-06-23",
        "db_id": "137781",
        "update": false
    }
},
{
    "model": "game_database.gameversion",
    "pk": 370,
    "fields": {
        "parent_game": 429,
        "platform": 3,
        "release_date": "2010-01-05",
        "db_id": "73858",
        "update": false
    }
},
{
    "model": "game_database.gameversion",
    "pk": 371,
    "fields": {
        "parent_game": 430,
        "platform": 3,
        "release_date": "2016-08-08",
        "db_id": "158105",
        "update": false
    }
},
{
    "model": "game_database.gameversion",
    "pk": 372,
    "fields": {
        "parent_game": 431,
        "platform": 3,
        "release_date": "2016-11-09",
        "db_id": "151420",
        "update": false
    }
},
{
    "model": "game_database.gameversion",
    "pk": 373,
    "fields": {
        "parent_game": 432,
        "platform": 3,
        "release_date": "2015-02-25",
        "db_id": "140455",
        "update": false
    }
},
{
    "model": "game_database.gameversion",
    "pk": 374,
    "fields": {
        "parent_game": 433,
        "platform": 3,
        "release_date": "2014-10-20",
        "db_id": "129705",
        "update": false
    }
},
{
    "model": "game_database.gameversion",
    "pk": 375,
    "fields": {
        "parent_game": 434,
        "platform": 3,
        "release_date": "2015-10-15",
        "db_id": "144366",
        "update": false
    }
},
{
    "model": "game_database.gameversion",
    "pk": 376,
    "fields": {
        "parent_game": 435,
        "platform": 3,
        "release_date": "2015-07-20",
        "db_id": "142722",
        "update": false
    }
},
{
    "model": "game_database.gameversion",
    "pk": 377,
    "fields": {
        "parent_game": 436,
        "platform": 3,
        "release_date": "2013-09-13",
        "db_id": "129591",
        "update": false
    }
},
{
    "model": "game_database.gameversion",
    "pk": 378,
    "fields": {
        "parent_game": 437,
        "platform": 3,
        "release_date": "2015-12-05",
        "db_id": "130915",
        "update": false
    }
},
{
    "model": "game_database.gameversion",
    "pk": 379,
    "fields": {
        "parent_game": 438,
        "platform": 3,
        "release_date": "2016-01-19",
        "db_id": "144494",
        "update": false
    }
},
{
    "model": "game_database.gameversion",
    "pk": 380,
    "fields": {
        "parent_game": 439,
        "platform": 3,
        "release_date": "2007-08-04",
        "db_id": "19698",
        "update": false
    }
},
{
    "model": "game_database.gameversion",
    "pk": 381,
    "fields": {
        "parent_game": 440,
        "platform": 3,
        "release_date": "2017-09-12",
        "db_id": "156297",
        "update": false
    }
},
{
    "model": "game_database.gameversion",
    "pk": 382,
    "fields": {
        "parent_game": 441,
        "platform": 3,
        "release_date": "2017-04-18",
        "db_id": "153581",
        "update": false
    }
},
{
    "model": "game_database.gameversion",
    "pk": 383,
    "fields": {
        "parent_game": 442,
        "platform": 3,
        "release_date": null,
        "db_id": "",
        "update": true
    }
},
{
    "model": "game_database.gameversion",
    "pk": 384,
    "fields": {
        "parent_game": 443,
        "platform": 3,
        "release_date": "2014-03-18",
        "db_id": "133219",
        "update": false
    }
},
{
    "model": "game_database.gameversion",
    "pk": 385,
    "fields": {
        "parent_game": 444,
        "platform": 3,
        "release_date": "2013-08-19",
        "db_id": "129205",
        "update": false
    }
},
{
    "model": "game_database.gameversion",
    "pk": 386,
    "fields": {
        "parent_game": 445,
        "platform": 3,
        "release_date": "2018-01-11",
        "db_id": "158256",
        "update": false
    }
},
{
    "model": "game_database.gameversion",
    "pk": 387,
    "fields": {
        "parent_game": 446,
        "platform": 3,
        "release_date": "2016-06-28",
        "db_id": "148315",
        "update": false
    }
},
{
    "model": "game_database.gameversion",
    "pk": 388,
    "fields": {
        "parent_game": 447,
        "platform": 3,
        "release_date": "2013-09-12",
        "db_id": "125867",
        "update": false
    }
},
{
    "model": "game_database.gameversion",
    "pk": 389,
    "fields": {
        "parent_game": 448,
        "platform": 3,
        "release_date": "2016-03-31",
        "db_id": "147031",
        "update": false
    }
},
{
    "model": "game_database.gameversion",
    "pk": 390,
    "fields": {
        "parent_game": 449,
        "platform": 3,
        "release_date": "2014-11-11",
        "db_id": "137767",
        "update": false
    }
},
{
    "model": "game_database.gameversion",
    "pk": 391,
    "fields": {
        "parent_game": 450,
        "platform": 3,
        "release_date": "2013-10-25",
        "db_id": "127873",
        "update": false
    }
},
{
    "model": "game_database.gameversion",
    "pk": 392,
    "fields": {
        "parent_game": 451,
        "platform": 3,
        "release_date": null,
        "db_id": "",
        "update": true
    }
},
{
    "model": "game_database.gameversion",
    "pk": 393,
    "fields": {
        "parent_game": 452,
        "platform": 3,
        "release_date": "2012-09-14",
        "db_id": "119544",
        "update": false
    }
},
{
    "model": "game_database.gameversion",
    "pk": 394,
    "fields": {
        "parent_game": 453,
        "platform": 3,
        "release_date": "2017-12-19",
        "db_id": "157787",
        "update": false
    }
},
{
    "model": "game_database.gameversion",
    "pk": 395,
    "fields": {
        "parent_game": 454,
        "platform": 3,
        "release_date": "2015-10-21",
        "db_id": "145078",
        "update": false
    }
},
{
    "model": "game_database.gameversion",
    "pk": 396,
    "fields": {
        "parent_game": 455,
        "platform": 3,
        "release_date": "2013-10-11",
        "db_id": "155608",
        "update": false
    }
},
{
    "model": "game_database.gameversion",
    "pk": 397,
    "fields": {
        "parent_game": 456,
        "platform": 3,
        "release_date": "2013-10-11",
        "db_id": "130645",
        "update": false
    }
},
{
    "model": "game_database.gameversion",
    "pk": 398,
    "fields": {
        "parent_game": 457,
        "platform": 3,
        "release_date": "2016-01-12",
        "db_id": "145600",
        "update": false
    }
},
{
    "model": "game_database.gameversion",
    "pk": 399,
    "fields": {
        "parent_game": 458,
        "platform": 3,
        "release_date": "2016-02-26",
        "db_id": "161286",
        "update": false
    }
},
{
    "model": "game_database.gameversion",
    "pk": 400,
    "fields": {
        "parent_game": 459,
        "platform": 3,
        "release_date": "2016-04-05",
        "db_id": "147063",
        "update": false
    }
},
{
    "model": "game_database.gameversion",
    "pk": 401,
    "fields": {
        "parent_game": 460,
        "platform": 3,
        "release_date": "2016-07-05",
        "db_id": "148385",
        "update": false
    }
},
{
    "model": "game_database.gameversion",
    "pk": 402,
    "fields": {
        "parent_game": 461,
        "platform": 3,
        "release_date": "2016-11-01",
        "db_id": "150371",
        "update": false
    }
},
{
    "model": "game_database.gameversion",
    "pk": 403,
    "fields": {
        "parent_game": 462,
        "platform": 3,
        "release_date": "2017-02-21",
        "db_id": "152501",
        "update": false
    }
},
{
    "model": "game_database.gameversion",
    "pk": 404,
    "fields": {
        "parent_game": 463,
        "platform": 3,
        "release_date": "2017-02-24",
        "db_id": "153503",
        "update": false
    }
},
{
    "model": "game_database.gameversion",
    "pk": 405,
    "fields": {
        "parent_game": 464,
        "platform": 3,
        "release_date": "2012-10-18",
        "db_id": "120864",
        "update": false
    }
},
{
    "model": "game_database.gameversion",
    "pk": 406,
    "fields": {
        "parent_game": 465,
        "platform": 3,
        "release_date": null,
        "db_id": "",
        "update": true
    }
},
{
    "model": "game_database.gameversion",
    "pk": 407,
    "fields": {
        "parent_game": 466,
        "platform": 3,
        "release_date": "2016-10-25",
        "db_id": "149096",
        "update": false
    }
},
{
    "model": "game_database.gameversion",
    "pk": 408,
    "fields": {
        "parent_game": 467,
        "platform": 3,
        "release_date": "2016-11-29",
        "db_id": "84917",
        "update": false
    }
},
{
    "model": "game_database.gameversion",
    "pk": 409,
    "fields": {
        "parent_game": 468,
        "platform": 3,
        "release_date": "2016-06-06",
        "db_id": "148061",
        "update": false
    }
},
{
    "model": "game_database.gameversion",
    "pk": 410,
    "fields": {
        "parent_game": 469,
        "platform": 3,
        "release_date": "2016-03-11",
        "db_id": "146167",
        "update": false
    }
},
{
    "model": "game_database.gameversion",
    "pk": 411,
    "fields": {
        "parent_game": 470,
        "platform": 3,
        "release_date": "2015-12-01",
        "db_id": "142149",
        "update": false
    }
},
{
    "model": "game_database.gameversion",
    "pk": 412,
    "fields": {
        "parent_game": 471,
        "platform": 3,
        "release_date": "2017-08-31",
        "db_id": "156200",
        "update": false
    }
},
{
    "model": "game_database.gameversion",
    "pk": 413,
    "fields": {
        "parent_game": 472,
        "platform": 3,
        "release_date": "2013-04-09",
        "db_id": "126551",
        "update": false
    }
},
{
    "model": "game_database.gameversion",
    "pk": 414,
    "fields": {
        "parent_game": 473,
        "platform": 3,
        "release_date": "2015-05-19",
        "db_id": "135013",
        "update": false
    }
},
{
    "model": "game_database.gameversion",
    "pk": 415,
    "fields": {
        "parent_game": 474,
        "platform": 3,
        "release_date": "2017-02-23",
        "db_id": "151322",
        "update": false
    }
},
{
    "model": "game_database.gameversion",
    "pk": 416,
    "fields": {
        "parent_game": 475,
        "platform": 3,
        "release_date": "2017-10-13",
        "db_id": "154803",
        "update": false
    }
},
{
    "model": "game_database.gameversion",
    "pk": 417,
    "fields": {
        "parent_game": 476,
        "platform": 3,
        "release_date": "2017-07-11",
        "db_id": "148127",
        "update": false
    }
},
{
    "model": "game_database.gameversion",
    "pk": 418,
    "fields": {
        "parent_game": 477,
        "platform": 3,
        "release_date": "2016-07-19",
        "db_id": "147259",
        "update": false
    }
},
{
    "model": "game_database.gameversion",
    "pk": 419,
    "fields": {
        "parent_game": 478,
        "platform": 3,
        "release_date": "2018-02-13",
        "db_id": "158541",
        "update": false
    }
},
{
    "model": "game_collection.queue",
    "pk": 1,
    "fields": {
        "user": 2,
        "game_version": 364,
        "date_adquired": "2018-05-17",
        "time_played": null
    }
},
{
    "model": "game_collection.queue",
    "pk": 2,
    "fields": {
        "user": 2,
        "game_version": 365,
        "date_adquired": "2018-05-17",
        "time_played": null
    }
},
{
    "model": "game_collection.queue",
    "pk": 3,
    "fields": {
        "user": 2,
        "game_version": 366,
        "date_adquired": "2017-01-01",
        "time_played": null
    }
},
{
    "model": "game_collection.queue",
    "pk": 4,
    "fields": {
        "user": 2,
        "game_version": 367,
        "date_adquired": "2018-01-03",
        "time_played": null
    }
},
{
    "model": "game_collection.queue",
    "pk": 5,
    "fields": {
        "user": 2,
        "game_version": 368,
        "date_adquired": "2016-06-03",
        "time_played": null
    }
},
{
    "model": "game_collection.queue",
    "pk": 6,
    "fields": {
        "user": 2,
        "game_version": 369,
        "date_adquired": "2018-10-28",
        "time_played": null
    }
},
{
    "model": "game_collection.queue",
    "pk": 7,
    "fields": {
        "user": 2,
        "game_version": 370,
        "date_adquired": "2018-07-31",
        "time_played": null
    }
},
{
    "model": "game_collection.queue",
    "pk": 8,
    "fields": {
        "user": 2,
        "game_version": 371,
        "date_adquired": "2018-05-17",
        "time_played": null
    }
},
{
    "model": "game_collection.queue",
    "pk": 9,
    "fields": {
        "user": 2,
        "game_version": 372,
        "date_adquired": "2018-01-03",
        "time_played": null
    }
},
{
    "model": "game_collection.queue",
    "pk": 10,
    "fields": {
        "user": 2,
        "game_version": 388,
        "date_adquired": "2018-02-19",
        "time_played": null
    }
},
{
    "model": "game_collection.queue",
    "pk": 11,
    "fields": {
        "user": 2,
        "game_version": 389,
        "date_adquired": "2019-03-26",
        "time_played": null
    }
},
{
    "model": "game_collection.queue",
    "pk": 12,
    "fields": {
        "user": 2,
        "game_version": 390,
        "date_adquired": "2016-06-03",
        "time_played": null
    }
},
{
    "model": "game_collection.queue",
    "pk": 13,
    "fields": {
        "user": 2,
        "game_version": 391,
        "date_adquired": "2018-10-28",
        "time_played": null
    }
},
{
    "model": "game_collection.queue",
    "pk": 14,
    "fields": {
        "user": 2,
        "game_version": 392,
        "date_adquired": "2018-01-18",
        "time_played": null
    }
},
{
    "model": "game_collection.playing",
    "pk": 1,
    "fields": {
        "user": 2,
        "game_version": 373,
        "date_adquired": "2018-05-17",
        "time_played": null,
        "date_started": null
    }
},
{
    "model": "game_collection.playing",
    "pk": 2,
    "fields": {
        "user": 2,
        "game_version": 374,
        "date_adquired": "2018-01-03",
        "time_played": null,
        "date_started": null
    }
},
{
    "model": "game_collection.playing",
    "pk": 3,
    "fields": {
        "user": 2,
        "game_version": 375,
        "date_adquired": "2018-02-19",
        "time_played": null,
        "date_started": null
    }
},
{
    "model": "game_collection.playing",
    "pk": 4,
    "fields": {
        "user": 2,
        "game_version": 376,
        "date_adquired": "2019-03-26",
        "time_played": null,
        "date_started": null
    }
},
{
    "model": "game_collection.playing",
    "pk": 5,
    "fields": {
        "user": 2,
        "game_version": 377,
        "date_adquired": "2016-06-03",
        "time_played": null,
        "date_started": null
    }
},
{
    "model": "game_collection.playing",
    "pk": 6,
    "fields": {
        "user": 2,
        "game_version": 378,
        "date_adquired": "2016-06-03",
        "time_played": null,
        "date_started": null
    }
},
{
    "model": "game_collection.playing",
    "pk": 7,
    "fields": {
        "user": 2,
        "game_version": 379,
        "date_adquired": "2018-10-28",
        "time_played": null,
        "date_started": null
    }
},
{
    "model": "game_collection.playing",
    "pk": 8,
    "fields": {
        "user": 2,
        "game_version": 380,
        "date_adquired": "2018-01-18",
        "time_played": null,
        "date_started": null
    }
},
{
    "model": "game_collection.playing",
    "pk": 9,
    "fields": {
        "user": 2,
        "game_version": 381,
        "date_adquired": "2018-07-31",
        "time_played": null,
        "date_started": null
    }
},
{
    "model": "game_collection.playing",
    "pk": 10,
    "fields": {
        "user": 2,
        "game_version": 382,
        "date_adquired": "2018-05-17",
        "time_played": null,
        "date_started": null
    }
},
{
    "model": "game_collection.playing",
    "pk": 11,
    "fields": {
        "user": 2,
        "game_version": 393,
        "date_adquired": "2018-05-17",
        "time_played": null,
        "date_started": null
    }
},
{
    "model": "game_collection.playing",
    "pk": 12,
    "fields": {
        "user": 2,
        "game_version": 394,
        "date_adquired": "2017-01-01",
        "time_played": null,
        "date_started": null
    }
},
{
    "model": "game_collection.playing",
    "pk": 13,
    "fields": {
        "user": 2,
        "game_version": 395,
        "date_adquired": "2018-01-03",
        "time_played": null,
        "date_started": null
    }
},
{
    "model": "game_collection.finished",
    "pk": 472,
    "fields": {
        "user": 2,
        "game_version": 222,
        "date_adquired": "2016-07-03",
        "time_played": null,
        "date_started": null,
        "date_finished": "2016-07-17",
        "time_to_finish": null,
        "playstyle": ""
    }
},
{
    "model": "game_collection.finished",
    "pk": 473,
    "fields": {
        "user": 2,
        "game_version": 223,
        "date_adquired": "2016-07-03",
        "time_played": null,
        "date_started": null,
        "date_finished": "2016-07-17",
        "time_to_finish": null,
        "playstyle": ""
    }
},
{
    "model": "game_collection.finished",
    "pk": 474,
    "fields": {
        "user": 2,
        "game_version": 224,
        "date_adquired": "2016-07-03",
        "time_played": null,
        "date_started": null,
        "date_finished": "2016-07-19",
        "time_to_finish": null,
        "playstyle": ""
    }
},
{
    "model": "game_collection.finished",
    "pk": 475,
    "fields": {
        "user": 2,
        "game_version": 225,
        "date_adquired": "2016-03-06",
        "time_played": null,
        "date_started": null,
        "date_finished": "2016-07-19",
        "time_to_finish": null,
        "playstyle": ""
    }
},
{
    "model": "game_collection.finished",
    "pk": 476,
    "fields": {
        "user": 2,
        "game_version": 226,
        "date_adquired": "2016-07-03",
        "time_played": null,
        "date_started": null,
        "date_finished": "2016-07-29",
        "time_to_finish": null,
        "playstyle": ""
    }
},
{
    "model": "game_collection.finished",
    "pk": 477,
    "fields": {
        "user": 2,
        "game_version": 227,
        "date_adquired": "2016-07-04",
        "time_played": null,
        "date_started": null,
        "date_finished": "2016-08-14",
        "time_to_finish": null,
        "playstyle": ""
    }
},
{
    "model": "game_collection.finished",
    "pk": 478,
    "fields": {
        "user": 2,
        "game_version": 228,
        "date_adquired": "2016-07-03",
        "time_played": null,
        "date_started": null,
        "date_finished": "2016-08-16",
        "time_to_finish": null,
        "playstyle": ""
    }
},
{
    "model": "game_collection.finished",
    "pk": 479,
    "fields": {
        "user": 2,
        "game_version": 229,
        "date_adquired": "2016-07-03",
        "time_played": null,
        "date_started": null,
        "date_finished": "2016-08-19",
        "time_to_finish": null,
        "playstyle": ""
    }
},
{
    "model": "game_collection.finished",
    "pk": 480,
    "fields": {
        "user": 2,
        "game_version": 230,
        "date_adquired": "2016-07-03",
        "time_played": null,
        "date_started": null,
        "date_finished": "2016-08-22",
        "time_to_finish": null,
        "playstyle": ""
    }
},
{
    "model": "game_collection.finished",
    "pk": 481,
    "fields": {
        "user": 2,
        "game_version": 231,
        "date_adquired": "2016-06-30",
        "time_played": null,
        "date_started": null,
        "date_finished": "2016-09-03",
        "time_to_finish": null,
        "playstyle": ""
    }
},
{
    "model": "game_collection.finished",
    "pk": 482,
    "fields": {
        "user": 2,
        "game_version": 177,
        "date_adquired": "2016-12-21",
        "time_played": null,
        "date_started": null,
        "date_finished": "2016-12-26",
        "time_to_finish": null,
        "playstyle": ""
    }
},
{
    "model": "game_collection.finished",
    "pk": 483,
    "fields": {
        "user": 2,
        "game_version": 383,
        "date_adquired": "2016-03-06",
        "time_played": null,
        "date_started": null,
        "date_finished": "2016-12-26",
        "time_to_finish": null,
        "playstyle": ""
    }
},
{
    "model": "game_collection.finished",
    "pk": 484,
    "fields": {
        "user": 2,
        "game_version": 232,
        "date_adquired": "2016-11-02",
        "time_played": null,
        "date_started": null,
        "date_finished": "2017-01-01",
        "time_to_finish": null,
        "playstyle": ""
    }
},
{
    "model": "game_collection.finished",
    "pk": 485,
    "fields": {
        "user": 2,
        "game_version": 233,
        "date_adquired": "2016-07-04",
        "time_played": null,
        "date_started": null,
        "date_finished": "2017-01-26",
        "time_to_finish": null,
        "playstyle": ""
    }
},
{
    "model": "game_collection.finished",
    "pk": 486,
    "fields": {
        "user": 2,
        "game_version": 234,
        "date_adquired": "2016-03-06",
        "time_played": null,
        "date_started": null,
        "date_finished": "2017-01-26",
        "time_to_finish": null,
        "playstyle": ""
    }
},
{
    "model": "game_collection.finished",
    "pk": 487,
    "fields": {
        "user": 2,
        "game_version": 235,
        "date_adquired": "2015-06-14",
        "time_played": null,
        "date_started": null,
        "date_finished": "2017-01-27",
        "time_to_finish": null,
        "playstyle": ""
    }
},
{
    "model": "game_collection.finished",
    "pk": 488,
    "fields": {
        "user": 2,
        "game_version": 236,
        "date_adquired": "2016-07-03",
        "time_played": null,
        "date_started": null,
        "date_finished": "2017-01-28",
        "time_to_finish": null,
        "playstyle": ""
    }
},
{
    "model": "game_collection.played",
    "pk": 1,
    "fields": {
        "user": 2,
        "game_version": 384,
        "date_adquired": "2014-09-23",
        "time_played": null,
        "date_started": null,
        "date_stopped": null
    }
},
{
    "model": "game_collection.played",
    "pk": 2,
    "fields": {
        "user": 2,
        "game_version": 385,
        "date_adquired": "2014-09-23",
        "time_played": null,
        "date_started": null,
        "date_stopped": null
    }
},
{
    "model": "game_collection.played",
    "pk": 3,
    "fields": {
        "user": 2,
        "game_version": 386,
        "date_adquired": null,
        "time_played": null,
        "date_started": null,
        "date_stopped": null
    }
},
{
    "model": "game_collection.played",
    "pk": 4,
    "fields": {
        "user": 2,
        "game_version": 387,
        "date_adquired": null,
        "time_played": null,
        "date_started": null,
        "date_stopped": null
    }
},
{
    "model": "game_collection.abandoned",
    "pk": 1,
    "fields": {
        "user": 2,
        "game_version": 396,
        "date_adquired": null,
        "time_played": null,
        "date_started": null,
        "date_abandoned": null
    }
},
{
    "model": "game_collection.wishlist",
    "pk": 1,
    "fields": {
        "user": 2,
        "game_version": 397,
        "date_added": "2019-06-25"
    }
},
{
    "model": "game_collection.wishlist",
    "pk": 2,
    "fields": {
        "user": 2,
        "game_version": 398,
        "date_added": "2019-06-25"
    }
},
{
    "model": "game_collection.wishlist",
    "pk": 3,
    "fields": {
        "user": 2,
        "game_version": 399,
        "date_added": "2019-06-25"
    }
},
{
    "model": "game_collection.wishlist",
    "pk": 4,
    "fields": {
        "user": 2,
        "game_version": 400,
        "date_added": "2019-06-25"
    }
},
{
    "model": "game_collection.wishlist",
    "pk": 5,
    "fields": {
        "user": 2,
        "game_version": 401,
        "date_added": "2019-06-25"
    }
},
{
    "model": "game_collection.wishlist",
    "pk": 6,
    "fields": {
        "user": 2,
        "game_version": 402,
        "date_added": "2019-06-25"
    }
},
{
    "model": "game_collection.wishlist",
    "pk": 7,
    "fields": {
        "user": 2,
        "game_version": 403,
        "date_added": "2019-06-25"
    }
},
{
    "model": "game_collection.wishlist",
    "pk": 8,
    "fields": {
        "user": 2,
        "game_version": 404,
        "date_added": "2019-06-25"
    }
},
{
    "model": "game_collection.wishlist",
    "pk": 9,
    "fields": {
        "user": 2,
        "game_version": 413,
        "date_added": "2019-06-25"
    }
},
{
    "model": "game_collection.wishlist",
    "pk": 10,
    "fields": {
        "user": 2,
        "game_version": 414,
        "date_added": "2019-06-25"
    }
},
{
    "model": "game_collection.wishlist",
    "pk": 11,
    "fields": {
        "user": 2,
        "game_version": 415,
        "date_added": "2019-06-25"
    }
},
{
    "model": "game_collection.interested",
    "pk": 1,
    "fields": {
        "user": 2,
        "game_version": 405,
        "date_added": "2019-06-25"
    }
},
{
    "model": "game_collection.interested",
    "pk": 2,
    "fields": {
        "user": 2,
        "game_version": 406,
        "date_added": "2019-06-25"
    }
},
{
    "model": "game_collection.interested",
    "pk": 3,
    "fields": {
        "user": 2,
        "game_version": 407,
        "date_added": "2019-06-25"
    }
},
{
    "model": "game_collection.interested",
    "pk": 4,
    "fields": {
        "user": 2,
        "game_version": 408,
        "date_added": "2019-06-25"
    }
},
{
    "model": "game_collection.interested",
    "pk": 5,
    "fields": {
        "user": 2,
        "game_version": 409,
        "date_added": "2019-06-25"
    }
},
{
    "model": "game_collection.interested",
    "pk": 6,
    "fields": {
        "user": 2,
        "game_version": 410,
        "date_added": "2019-06-25"
    }
},
{
    "model": "game_collection.interested",
    "pk": 7,
    "fields": {
        "user": 2,
        "game_version": 411,
        "date_added": "2019-06-25"
    }
},
{
    "model": "game_collection.interested",
    "pk": 8,
    "fields": {
        "user": 2,
        "game_version": 412,
        "date_added": "2019-06-25"
    }
},
{
    "model": "game_collection.interested",
    "pk": 9,
    "fields": {
        "user": 2,
        "game_version": 416,
        "date_added": "2019-06-25"
    }
},
{
    "model": "game_collection.interested",
    "pk": 10,
    "fields": {
        "user": 2,
        "game_version": 417,
        "date_added": "2019-06-25"
    }
},
{
    "model": "game_collection.interested",
    "pk": 11,
    "fields": {
        "user": 2,
        "game_version": 418,
        "date_added": "2019-06-25"
    }
},
{
    "model": "game_collection.interested",
    "pk": 12,
    "fields": {
        "user": 2,
        "game_version": 419,
        "date_added": "2019-06-25"
    }
},
{
    "model": "game_collection.tag",
    "pk": 64,
    "fields": {
        "user": 2,
        "name": "Steam",
        "tag_group": null,
        "game_version": [
            174,
            175,
            176,
            177,
            179,
            180,
            181,
            182,
            183,
            184,
            185,
            186,
            187,
            188,
            189,
            190,
            191,
            192,
            193,
            194,
            195,
            196,
            197,
            198,
            199,
            200,
            201,
            202,
            203,
            204,
            205,
            206,
            207,
            208,
            209,
            210,
            212,
            213,
            214,
            215,
            216,
            217,
            218,
            219,
            220,
            221,
            222,
            223,
            224,
            225,
            226,
            227,
            228,
            229,
            230,
            231,
            232,
            233,
            234,
            235,
            236,
            237,
            238,
            239,
            240,
            241,
            243,
            244,
            245,
            246,
            247,
            248,
            249,
            250,
            251,
            252,
            253,
            254,
            255,
            256,
            257,
            258,
            259,
            260,
            262,
            264,
            265,
            266,
            267,
            268,
            269,
            270,
            271,
            272,
            273,
            274,
            275,
            276,
            278,
            279,
            280,
            281,
            282,
            283,
            284,
            285,
            286,
            287,
            289,
            290,
            291,
            292,
            293,
            294,
            295,
            297,
            299,
            300,
            301,
            302,
            303,
            304,
            305,
            306,
            312,
            313,
            314,
            315,
            316,
            317,
            318,
            319,
            320,
            321,
            322,
            323,
            329,
            330,
            331,
            332,
            333,
            334,
            335,
            336,
            337,
            338,
            339,
            340,
            341,
            342,
            343,
            344,
            345,
            346,
            347,
            348,
            349,
            350,
            351,
            352,
            353,
            354,
            355,
            356,
            357,
            358,
            359,
            360,
            361,
            362
        ]
    }
},
{
    "model": "game_collection.tag",
    "pk": 65,
    "fields": {
        "user": 2,
        "name": "Uplay",
        "tag_group": null,
        "game_version": [
            178,
            211,
            242,
            324,
            325,
            326,
            327,
            363
        ]
    }
},
{
    "model": "game_collection.tag",
    "pk": 66,
    "fields": {
        "user": 2,
        "name": "Origin",
        "tag_group": null,
        "game_version": [
            261,
            263,
            308,
            309,
            310,
            311
        ]
    }
},
{
    "model": "game_collection.tag",
    "pk": 67,
    "fields": {
        "user": 2,
        "name": "Battle.net",
        "tag_group": null,
        "game_version": [
            277,
            307
        ]
    }
},
{
    "model": "game_collection.tag",
    "pk": 68,
    "fields": {
        "user": 2,
        "name": "Android",
        "tag_group": null,
        "game_version": [
            288
        ]
    }
},
{
    "model": "game_collection.tag",
    "pk": 69,
    "fields": {
        "user": 2,
        "name": "Epic",
        "tag_group": null,
        "game_version": [
            296
        ]
    }
},
{
    "model": "game_collection.tag",
    "pk": 70,
    "fields": {
        "user": 2,
        "name": "Twitch",
        "tag_group": null,
        "game_version": [
            298
        ]
    }
},
{
    "model": "game_collection.tag",
    "pk": 71,
    "fields": {
        "user": 2,
        "name": "",
        "tag_group": null,
        "game_version": [
            177,
            222,
            223,
            224,
            225,
            226,
            227,
            228,
            229,
            230,
            231,
            232,
            233,
            234,
            235,
            236,
            340,
            364,
            365,
            366,
            367,
            368,
            369,
            370,
            371,
            372,
            373,
            374,
            375,
            376,
            377,
            378,
            379,
            380,
            381,
            382,
            383,
            384,
            385,
            386,
            387,
            388,
            389,
            390,
            391,
            392,
            393,
            394,
            395,
            396,
            397,
            398,
            399,
            400,
            401,
            402,
            403,
            404,
            405,
            406,
            407,
            408,
            409,
            410,
            411,
            412,
            413,
            414,
            415,
            416,
            417,
            418,
            419
        ]
    }
}
]
