[
{
    "model": "auth.user",
    "fields": {
        "password": "pbkdf2_sha256$150000$vYaPJxTflWWe$lEsMH/DdVHW1sgXHgQbapSLeR0TezAbVR40k3gOT75k=",
        "last_login": "2019-11-17T18:30:49.135Z",
        "is_superuser": true,
        "username": "jailander",
        "first_name": "",
        "last_name": "",
        "email": "",
        "is_staff": true,
        "is_active": true,
        "date_joined": "2019-11-17T18:29:35.531Z",
        "groups": [],
        "user_permissions": []
    }
},
{
    "model": "game_database.genre",
    "pk": 1,
    "fields": {
        "name": "Strategy",
        "db_id": "2"
    }
},
{
    "model": "game_database.genre",
    "pk": 2,
    "fields": {
        "name": "Real-Time Strategy",
        "db_id": "12"
    }
},
{
    "model": "game_database.genre",
    "pk": 3,
    "fields": {
        "name": "Fighting",
        "db_id": "9"
    }
},
{
    "model": "game_database.genre",
    "pk": 4,
    "fields": {
        "name": "Shooter",
        "db_id": "11"
    }
},
{
    "model": "game_database.genre",
    "pk": 5,
    "fields": {
        "name": "Adventure",
        "db_id": "4"
    }
},
{
    "model": "game_database.genre",
    "pk": 6,
    "fields": {
        "name": "Puzzle",
        "db_id": "18"
    }
},
{
    "model": "game_database.genre",
    "pk": 7,
    "fields": {
        "name": "Action",
        "db_id": "1"
    }
},
{
    "model": "game_database.genre",
    "pk": 8,
    "fields": {
        "name": "Platformer",
        "db_id": "41"
    }
},
{
    "model": "game_database.genre",
    "pk": 9,
    "fields": {
        "name": "Action-Adventure",
        "db_id": "43"
    }
},
{
    "model": "game_database.genre",
    "pk": 10,
    "fields": {
        "name": "Simulation",
        "db_id": "7"
    }
},
{
    "model": "game_database.genre",
    "pk": 11,
    "fields": {
        "name": "Shoot 'Em Up",
        "db_id": "48"
    }
},
{
    "model": "game_database.genre",
    "pk": 12,
    "fields": {
        "name": "Role-Playing",
        "db_id": "5"
    }
},
{
    "model": "game_database.genre",
    "pk": 13,
    "fields": {
        "name": "First-Person Shooter",
        "db_id": "32"
    }
},
{
    "model": "game_database.genre",
    "pk": 14,
    "fields": {
        "name": "Card Game",
        "db_id": "13"
    }
},
{
    "model": "game_database.genre",
    "pk": 15,
    "fields": {
        "name": "Trivia/Board Game",
        "db_id": "14"
    }
},
{
    "model": "game_database.genre",
    "pk": 16,
    "fields": {
        "name": "Driving/Racing",
        "db_id": "6"
    }
},
{
    "model": "game_database.genre",
    "pk": 17,
    "fields": {
        "name": "Brawler",
        "db_id": "37"
    }
},
{
    "model": "game_database.genre",
    "pk": 18,
    "fields": {
        "name": "Dual-Joystick Shooter",
        "db_id": "31"
    }
},
{
    "model": "game_database.game",
    "pk": 1,
    "fields": {
        "title": "8-Bit Armies",
        "db_id": "53490",
        "main_time": 7.5,
        "extra_time": 16.5,
        "completion_time": 0.0,
        "release_date": null,
        "description": "8-Bit Armies is a retro styled RTS game from Petroglyph.",
        "img_url": "https://www.giantbomb.com/api/image/original/3051471-box_8ba.png",
        "update": false,
        "genres": [
            1,
            2
        ]
    }
},
{
    "model": "game_database.game",
    "pk": 2,
    "fields": {
        "title": "Acceleration Of SUGURI 2",
        "db_id": "37241",
        "main_time": 52.0,
        "extra_time": 4.5,
        "completion_time": 11.0,
        "release_date": null,
        "description": "A shooter based fighting game. Doujin PC title developed by Orange_Juice.",
        "img_url": "https://www.giantbomb.com/api/image/original/2104778-aos2logo.jpg",
        "update": false,
        "genres": [
            3,
            4
        ]
    }
},
{
    "model": "game_database.game",
    "pk": 3,
    "fields": {
        "title": "Amnesia: The Dark Descent",
        "db_id": "30087",
        "main_time": 8.0,
        "extra_time": 9.0,
        "completion_time": 10.5,
        "release_date": null,
        "description": "A first-person survival horror game with advanced physics-based puzzles from Frictional Games, the creators of the Penumbra series. Its dynamic of light and darkness and focus on avoidance of enemies rather than combat have been highly influential in recent horror games.",
        "img_url": "https://www.giantbomb.com/api/image/original/2299522-amnesia.png",
        "update": false,
        "genres": [
            5,
            6
        ]
    }
},
{
    "model": "game_database.game",
    "pk": 4,
    "fields": {
        "title": "Aragami",
        "db_id": "54143",
        "main_time": 6.5,
        "extra_time": 10.0,
        "completion_time": 19.5,
        "release_date": null,
        "description": "A stealth action game featuring an assassin who has control over shadows.",
        "img_url": "https://www.giantbomb.com/api/image/original/3029647-box_ara.png",
        "update": false,
        "genres": [
            7
        ]
    }
},
{
    "model": "game_database.game",
    "pk": 5,
    "fields": {
        "title": "Assassin's Creed Chronicles: China",
        "db_id": "49318",
        "main_time": 6.0,
        "extra_time": 9.5,
        "completion_time": 17.0,
        "release_date": null,
        "description": "A 2.5D downloadable title for the Xbox One, PlayStation 4 and PC. The game follows Shao Jun, the last remaining Assassin of the Chinese Brotherhood.",
        "img_url": "https://www.giantbomb.com/api/image/original/2739447-assassins-creed-unity-china-chronicles-1.jpg",
        "update": false,
        "genres": [
            8,
            9
        ]
    }
},
{
    "model": "game_database.game",
    "pk": 6,
    "fields": {
        "title": "Batman: Arkham Knight",
        "db_id": "45577",
        "main_time": 16.0,
        "extra_time": 29.0,
        "completion_time": 46.5,
        "release_date": null,
        "description": "Arkham Knight, developer Rocksteady's return to the Batman series, takes place one year after Arkham City. It promises to expand the open world from the previous game, allowing players to drive the Batmobile through Gotham City's streets.",
        "img_url": "https://www.giantbomb.com/api/image/original/2606852-keyfull%209237457203.jpg",
        "update": false,
        "genres": [
            9
        ]
    }
},
{
    "model": "game_database.game",
    "pk": 7,
    "fields": {
        "title": "Battlevoid: Harbinger",
        "db_id": "62671",
        "main_time": 0.0,
        "extra_time": 0.0,
        "completion_time": 0.0,
        "release_date": null,
        "description": "Battlevoid: Harbinger is an epic space adventure RTS developed by Bugbyte Ltd.",
        "img_url": "https://www.giantbomb.com/api/image/original/2975952-maincapsule616x353%20%28version2%29.jpg",
        "update": false,
        "genres": [
            1
        ]
    }
},
{
    "model": "game_database.game",
    "pk": 8,
    "fields": {
        "title": "Bayonetta",
        "db_id": "20710",
        "main_time": 11.0,
        "extra_time": 15.5,
        "completion_time": 43.0,
        "release_date": null,
        "description": "Bayonetta is a \"stylish action game\" from PlatinumGames.  The titular character is a witch who can use hair-based magic, as well as firearms attached to her feet, to battle fallen angels and other foes.",
        "img_url": "https://www.giantbomb.com/api/image/original/1124551-gb.png",
        "update": false,
        "genres": [
            7
        ]
    }
},
{
    "model": "game_database.game",
    "pk": 9,
    "fields": {
        "title": "Bear With Me",
        "db_id": "54995",
        "main_time": 7.0,
        "extra_time": 7.5,
        "completion_time": 10.0,
        "release_date": null,
        "description": "Bear With Me is an episodic adventure game with a noir inspired theme. It was developed by Exordium Games.",
        "img_url": "https://www.giantbomb.com/api/image/original/2876102-bearwithme.jpg",
        "update": false,
        "genres": [
            5
        ]
    }
},
{
    "model": "game_database.game",
    "pk": 10,
    "fields": {
        "title": "Beholder",
        "db_id": "55285",
        "main_time": 5.5,
        "extra_time": 9.0,
        "completion_time": 20.5,
        "release_date": null,
        "description": "Beholder is a totalitarian themed spying game.",
        "img_url": "https://www.giantbomb.com/api/image/original/2894334-header.jpg",
        "update": false,
        "genres": [
            1,
            10
        ]
    }
},
{
    "model": "game_database.game",
    "pk": 11,
    "fields": {
        "title": "Homeworld Remastered Collection",
        "db_id": "48984",
        "main_time": 24.0,
        "extra_time": 0.0,
        "completion_time": 1.0,
        "release_date": null,
        "description": "A collection of the originals and remakes of Homeworld 1 and 2. Improvements include better textures, models, access to higher resolutions and redone cutscenes.",
        "img_url": "https://www.giantbomb.com/api/image/original/2730473-untitled.png",
        "update": false,
        "genres": [
            2
        ]
    }
},
{
    "model": "game_database.game",
    "pk": 12,
    "fields": {
        "title": "Door Kickers",
        "db_id": "42792",
        "main_time": 5.5,
        "extra_time": 15.5,
        "completion_time": 41.0,
        "release_date": null,
        "description": "Door Kickers is a top-down real-time SWAT tactics game.",
        "img_url": "https://www.giantbomb.com/api/image/original/2695093-doorkickers.png",
        "update": false,
        "genres": [
            1
        ]
    }
},
{
    "model": "game_database.game",
    "pk": 13,
    "fields": {
        "title": "Downwell",
        "db_id": "48935",
        "main_time": 7.5,
        "extra_time": 12.0,
        "completion_time": 14.5,
        "release_date": null,
        "description": "A vertical-scrolling action roguelike that is heavily inspired by Spelunky.",
        "img_url": "https://www.giantbomb.com/api/image/original/3118812-box_dw.png",
        "update": false,
        "genres": [
            8,
            11
        ]
    }
},
{
    "model": "game_database.game",
    "pk": 14,
    "fields": {
        "title": "TIS-100",
        "db_id": "49901",
        "main_time": 15.5,
        "extra_time": 35.5,
        "completion_time": 49.5,
        "release_date": null,
        "description": "TIS-100 is a programming puzzle game developed by Zachtronics.",
        "img_url": "https://www.giantbomb.com/api/image/original/2756477-0812024717-heade.jpg",
        "update": false,
        "genres": [
            6,
            10
        ]
    }
},
{
    "model": "game_database.game",
    "pk": 15,
    "fields": {
        "title": "Volgarr the Viking",
        "db_id": "42298",
        "main_time": 9.5,
        "extra_time": 14.0,
        "completion_time": 21.5,
        "release_date": null,
        "description": "A tough-as-nails, retro-styled action game published by Adult Swim.",
        "img_url": "https://www.giantbomb.com/api/image/original/2701435-box_volgarr.png",
        "update": false,
        "genres": [
            7,
            8
        ]
    }
},
{
    "model": "game_database.game",
    "pk": 16,
    "fields": {
        "title": "Nuclear Throne",
        "db_id": "41999",
        "main_time": 17.0,
        "extra_time": 62.5,
        "completion_time": 180.0,
        "release_date": null,
        "description": "A procedurally generated roguelike action game developed by Vlambeer. After creating a prototype called Wasteland Kings for Mojam 2, Vlambeer took the prototype and renamed it Nuclear Throne.",
        "img_url": "https://www.giantbomb.com/api/image/original/2803716-newart.png",
        "update": false,
        "genres": [
            4,
            7
        ]
    }
},
{
    "model": "game_database.game",
    "pk": 17,
    "fields": {
        "title": "Darkest Dungeon",
        "db_id": "44203",
        "main_time": 55.0,
        "extra_time": 79.5,
        "completion_time": 104.0,
        "release_date": null,
        "description": "A dungeon crawler that seeks to weigh the psychological effects of delving into hellish monster abodes, not just the damage to HP. Team chemistry means more than just skill synergy.",
        "img_url": "https://www.giantbomb.com/api/image/original/2908406-4612953331-hMFSG.jpg",
        "update": false,
        "genres": [
            12
        ]
    }
},
{
    "model": "game_database.game",
    "pk": 18,
    "fields": {
        "title": "Wolfenstein 3D",
        "db_id": "7694",
        "main_time": 7.0,
        "extra_time": 10.0,
        "completion_time": 10.5,
        "release_date": null,
        "description": "Considered by many to be the progenitor of the first-person shooter genre, Wolfenstein 3D is a 1992 first-person action game that pits the player, as Allied spy William \"B.J.\" Blazkowicz, against the might of Nazi Germany.",
        "img_url": "https://www.giantbomb.com/api/image/original/2220255-wolf3d_dos.png",
        "update": false,
        "genres": [
            7,
            13
        ]
    }
},
{
    "model": "game_database.game",
    "pk": 19,
    "fields": {
        "title": "Tooth and Tail",
        "db_id": "52522",
        "main_time": 9.0,
        "extra_time": 10.0,
        "completion_time": 11.0,
        "release_date": null,
        "description": "Tooth and Tail is an \"Arcade RTS\" by Pocketwatch Games, the creators of Monaco: What's yours is Mine.",
        "img_url": "https://www.giantbomb.com/api/image/original/2820867-logo.png",
        "update": false,
        "genres": [
            1,
            2
        ]
    }
},
{
    "model": "game_database.game",
    "pk": 20,
    "fields": {
        "title": "Flinthook",
        "db_id": "53249",
        "main_time": 19.5,
        "extra_time": 35.0,
        "completion_time": 53.0,
        "release_date": null,
        "description": "Flinthook is a roguelite, grappling hook platformer from Tribute Games.",
        "img_url": "https://www.giantbomb.com/api/image/original/2991332-box_fh.png",
        "update": false,
        "genres": [
            8
        ]
    }
},
{
    "model": "game_database.game",
    "pk": 21,
    "fields": {
        "title": "The Stanley Parable",
        "db_id": "43344",
        "main_time": 27.0,
        "extra_time": 44.0,
        "completion_time": 44.0,
        "release_date": null,
        "description": "The Stanley Parable is an abstract, psychological, dark and humorous meta-narrative that attempts to make its choices void, journey paradoxical and generate discussion about storytelling in video games.",
        "img_url": "https://www.giantbomb.com/api/image/original/2853861-4714912512-heade.jpg",
        "update": false,
        "genres": [
            5
        ]
    }
},
{
    "model": "game_database.game",
    "pk": 22,
    "fields": {
        "title": "Thomas Was Alone",
        "db_id": "38825",
        "main_time": 3.5,
        "extra_time": 3.5,
        "completion_time": 4.0,
        "release_date": null,
        "description": "An indie minimalist puzzle platformer.",
        "img_url": "https://www.giantbomb.com/api/image/original/2725629-image-2.jpg",
        "update": false,
        "genres": [
            6,
            8
        ]
    }
},
{
    "model": "game_database.game",
    "pk": 23,
    "fields": {
        "title": "Br\u00fctal Legend",
        "db_id": "20700",
        "main_time": 9.0,
        "extra_time": 13.5,
        "completion_time": 24.5,
        "release_date": null,
        "description": "Br\u00fctal Legend is a humorous heavy-metal, open-world, action-adventure game with light real-time strategy elements. As Eddie Riggs, lead the people of the Br\u00fctal World to rise up against the Tainted Coil demons who rule the world, and their leader, the sinister Emperor Doviculus.",
        "img_url": "https://www.giantbomb.com/api/image/original/2085660-box_blegend.png",
        "update": false,
        "genres": [
            2,
            9
        ]
    }
},
{
    "model": "game_database.game",
    "pk": 24,
    "fields": {
        "title": "Trine 3: The Artifacts of Power",
        "db_id": "47872",
        "main_time": 5.0,
        "extra_time": 6.0,
        "completion_time": 7.0,
        "release_date": null,
        "description": "Trine 3: Artifacts of Power is the sequel to the sequel to Trine. Partially funded by the EU. This entry will for the first time blend 3D segments with the established 2D gameplay.",
        "img_url": "https://www.giantbomb.com/api/image/original/3117646-image.jpeg",
        "update": false,
        "genres": [
            7,
            8
        ]
    }
},
{
    "model": "game_database.game",
    "pk": 25,
    "fields": {
        "title": "Metal Gear Solid V: The Phantom Pain",
        "db_id": "40796",
        "main_time": 45.5,
        "extra_time": 82.0,
        "completion_time": 162.0,
        "release_date": null,
        "description": "The final main entry in the Metal Gear Solid series bridges the events between Metal Gear Solid: Peace Walker and the original Metal Gear, as Big Boss wakes up from a nine-year coma in 1984 to rebuild his mercenary paradise.",
        "img_url": "https://www.giantbomb.com/api/image/original/2731604-mgsvclean.jpg",
        "update": false,
        "genres": [
            4,
            9
        ]
    }
},
{
    "model": "game_database.game",
    "pk": 26,
    "fields": {
        "title": "Psychonauts",
        "db_id": "2906",
        "main_time": 12.5,
        "extra_time": 15.5,
        "completion_time": 22.0,
        "release_date": null,
        "description": "Developed by Double Fine Productions, Psychonauts is a platforming action-adventure game in which players take on the role of Razputin, a young psychic out to thwart an evil plot to subvert the minds of other powerful psychics.",
        "img_url": "https://www.giantbomb.com/api/image/original/1841447-box_pnauts.png",
        "update": false,
        "genres": [
            8,
            9
        ]
    }
},
{
    "model": "game_database.game",
    "pk": 27,
    "fields": {
        "title": "Batman: Arkham City",
        "db_id": "29443",
        "main_time": 12.5,
        "extra_time": 21.5,
        "completion_time": 46.5,
        "release_date": null,
        "description": "When Gotham City's slums have been transformed into a secluded super-prison, it's up to Batman to uncover its conspiracy in the sequel to 2009's Batman: Arkham Asylum.",
        "img_url": "https://www.giantbomb.com/api/image/original/2606170-batmanaccleanbox.jpg",
        "update": false,
        "genres": [
            9
        ]
    }
},
{
    "model": "game_database.game",
    "pk": 28,
    "fields": {
        "title": "Hand of Fate",
        "db_id": "43290",
        "main_time": 10.5,
        "extra_time": 19.5,
        "completion_time": 40.5,
        "release_date": null,
        "description": "A tarot card driven roguelike action role playing game, by Defiant Development from Brisbane, Australia.",
        "img_url": "https://www.giantbomb.com/api/image/original/3008935-box_hof.png",
        "update": false,
        "genres": [
            1,
            5,
            9,
            12,
            14,
            15
        ]
    }
},
{
    "model": "game_database.game",
    "pk": 29,
    "fields": {
        "title": "Metal Gear Rising: Revengeance",
        "db_id": "26801",
        "main_time": 7.0,
        "extra_time": 11.0,
        "completion_time": 31.5,
        "release_date": null,
        "description": "A fast-paced action game co-developed by PlatinumGames and Kojima Productions. It follows ninja-cyborg Raiden's activities four years after the events of Metal Gear Solid 4: Guns of the Patriots.",
        "img_url": "https://www.giantbomb.com/api/image/original/2581091-91yrrxqis9l._sl1500_.jpg",
        "update": false,
        "genres": [
            7,
            9
        ]
    }
},
{
    "model": "game_database.game",
    "pk": 30,
    "fields": {
        "title": "Grand Theft Auto V",
        "db_id": "36765",
        "main_time": 31.5,
        "extra_time": 47.0,
        "completion_time": 79.5,
        "release_date": null,
        "description": "Rockstar returns to the fictional state of San Andreas with a crew of three criminal protagonists who work together to pull off high-profile heists.",
        "img_url": "https://www.giantbomb.com/api/image/original/2463980-grand%20theft%20auto%20v.jpg",
        "update": false,
        "genres": [
            9,
            16
        ]
    }
},
{
    "model": "game_database.game",
    "pk": 31,
    "fields": {
        "title": "Doom",
        "db_id": "20654",
        "main_time": 11.0,
        "extra_time": 12.5,
        "completion_time": 15.5,
        "release_date": null,
        "description": "In a world with health regeneration and cover-based systems, one of the longest-running first-person shooter series returns to its brutal, fast-paced roots.",
        "img_url": "https://www.giantbomb.com/api/image/original/2849529-doom.jpg",
        "update": false,
        "genres": [
            13
        ]
    }
},
{
    "model": "game_database.game",
    "pk": 32,
    "fields": {
        "title": "Duet",
        "db_id": "44352",
        "main_time": 2.5,
        "extra_time": 6.0,
        "completion_time": 11.0,
        "release_date": null,
        "description": "Duet is a mobile action game with a soundtrack by Melbourne composer and Gotye multi-instrumentalist, Tim Shiel.",
        "img_url": "https://www.giantbomb.com/api/image/original/2564607-1255314345-mzl.b.png",
        "update": false,
        "genres": []
    }
},
{
    "model": "game_database.game",
    "pk": 33,
    "fields": {
        "title": "Titan Souls",
        "db_id": "46622",
        "main_time": 3.0,
        "extra_time": 4.0,
        "completion_time": 6.5,
        "release_date": null,
        "description": "Titan Souls is a top down action game where you play as a hero trying to defeat large and powerful monsters.",
        "img_url": "https://www.giantbomb.com/api/image/original/2653523-6787669712-14510.jpg",
        "update": false,
        "genres": [
            7
        ]
    }
},
{
    "model": "game_database.game",
    "pk": 34,
    "fields": {
        "title": "Giana Sisters: Twisted Dreams",
        "db_id": "39484",
        "main_time": 7.5,
        "extra_time": 13.0,
        "completion_time": 21.0,
        "release_date": null,
        "description": "The third entry in the Super Mario Bros inspired platformer series.",
        "img_url": "https://www.giantbomb.com/api/image/original/2478661-box_gstd.png",
        "update": false,
        "genres": [
            8
        ]
    }
},
{
    "model": "game_database.game",
    "pk": 35,
    "fields": {
        "title": "Outlast",
        "db_id": "40089",
        "main_time": 5.0,
        "extra_time": 6.5,
        "completion_time": 9.5,
        "release_date": null,
        "description": "Deep within the abandoned halls of Mount Massive Asylum, amateur journalist Miles Upshur sets out to find a good story, and instead finds an evil presence.",
        "img_url": "https://www.giantbomb.com/api/image/original/2958612-box_outlast.png",
        "update": false,
        "genres": [
            5
        ]
    }
},
{
    "model": "game_database.game",
    "pk": 36,
    "fields": {
        "title": "The Banner Saga",
        "db_id": "37629",
        "main_time": 10.5,
        "extra_time": 13.5,
        "completion_time": 26.0,
        "release_date": null,
        "description": "The Sun has stopped in the middle of the sky, the Gods have died and human settlements are being invaded by the Dredge, a race of stone beings. There can be no doubt about it, the world is coming to an end. In this turn-based tactics game, borrowing elements from Norse myth, your clan's continued survival is the only thing that truly matters. Will its banner be stomped into the the ground or fly high and bring back hope to those who have lost it in this desolate cold world?",
        "img_url": "https://www.giantbomb.com/api/image/original/3007517-box_tbs.png",
        "update": false,
        "genres": [
            1,
            12
        ]
    }
},
{
    "model": "game_database.game",
    "pk": 37,
    "fields": {
        "title": "6180 the moon",
        "db_id": "42186",
        "main_time": 1.5,
        "extra_time": 2.0,
        "completion_time": 2.0,
        "release_date": null,
        "description": "6180 the moon is a puzzle-platformer in which players control the Moon as it sets off to find the missing Sun.",
        "img_url": "https://www.giantbomb.com/api/image/original/2466112-9616184041-boxsh.png",
        "update": false,
        "genres": [
            8
        ]
    }
},
{
    "model": "game_database.game",
    "pk": 38,
    "fields": {
        "title": "Luftrausers",
        "db_id": "39474",
        "main_time": 4.0,
        "extra_time": 6.0,
        "completion_time": 17.0,
        "release_date": null,
        "description": "From the makers of Super Crate Box comes the only game to allow players to create, customize, and fly their own luftrausers.",
        "img_url": "https://www.giantbomb.com/api/image/original/2859664-1501548940-heade.jpg",
        "update": false,
        "genres": [
            11
        ]
    }
},
{
    "model": "game_database.game",
    "pk": 39,
    "fields": {
        "title": "Race the Sun",
        "db_id": "42239",
        "main_time": 6.0,
        "extra_time": 0.0,
        "completion_time": 0.0,
        "release_date": null,
        "description": "Race the Sun puts players in a solar-powered aircraft that must avoid obstacles at increasing speeds in an attempt to stay airborne as long as possible in a race against the setting sun. Supports the Oculus Rift for PC.",
        "img_url": "https://www.giantbomb.com/api/image/original/2991334-box_rts.png",
        "update": false,
        "genres": [
            7,
            16
        ]
    }
},
{
    "model": "game_database.game",
    "pk": 40,
    "fields": {
        "title": "Planetbase",
        "db_id": "51197",
        "main_time": 6.5,
        "extra_time": 18.5,
        "completion_time": 0.0,
        "release_date": null,
        "description": "Planetbase is a strategy game where players guide a group of space settlers trying to establish an outpost on a remote planet.",
        "img_url": "https://www.giantbomb.com/api/image/original/2991337-box_pb.png",
        "update": false,
        "genres": [
            1,
            10
        ]
    }
},
{
    "model": "game_database.game",
    "pk": 41,
    "fields": {
        "title": "Prison Architect",
        "db_id": "36763",
        "main_time": 15.5,
        "extra_time": 28.5,
        "completion_time": 55.0,
        "release_date": null,
        "description": "The latest game announced by acclaimed indie developer, Introversion Software, in which players build and manage the day-to-day operations of a maximum security prison.",
        "img_url": "https://www.giantbomb.com/api/image/original/2005326-prisonarch_logo.jpg",
        "update": false,
        "genres": [
            1,
            10
        ]
    }
},
{
    "model": "game_database.game",
    "pk": 42,
    "fields": {
        "title": "ArmA III",
        "db_id": "35383",
        "main_time": 20.0,
        "extra_time": 44.5,
        "completion_time": 86.0,
        "release_date": null,
        "description": "Arma 3 is the third core game in the simulation and modern combat Arma franchise developed by Bohemia Interactive.",
        "img_url": "https://www.giantbomb.com/api/image/original/2569992-4939205824-Arma3.jpg",
        "update": false,
        "genres": [
            10,
            13
        ]
    }
},
{
    "model": "game_database.game",
    "pk": 43,
    "fields": {
        "title": "Ashes of the Singularity",
        "db_id": "49088",
        "main_time": 11.0,
        "extra_time": 0.0,
        "completion_time": 0.0,
        "release_date": null,
        "description": "A new real-time strategy game from Stardock. The player commands on a massive scale with large amounts of units on the screen.",
        "img_url": "https://www.giantbomb.com/api/image/original/2899842-f3e059_ashesofthesingularity.jpg",
        "update": false,
        "genres": [
            2
        ]
    }
},
{
    "model": "game_database.game",
    "pk": 44,
    "fields": {
        "title": "Assassin's Creed: Rogue",
        "db_id": "47291",
        "main_time": 10.5,
        "extra_time": 21.5,
        "completion_time": 38.0,
        "release_date": null,
        "description": "Assassin's Creed: Rogue takes place during the Seven Years' War in and around the American colonies. The protagonist, Shay Patrick Cormac, is an Assassin-turned-Templar who is hunting his former Brothers in the region.",
        "img_url": "https://www.giantbomb.com/api/image/original/2667100-10575388_878538075492285_1649926027762407539_o.jpg",
        "update": false,
        "genres": [
            9
        ]
    }
},
{
    "model": "game_database.game",
    "pk": 45,
    "fields": {
        "title": "Batman: Arkham Origins",
        "db_id": "42245",
        "main_time": 12.5,
        "extra_time": 22.0,
        "completion_time": 37.0,
        "release_date": null,
        "description": "Two years after beginning his crime-fighting career, Batman faces his toughest challenge ever when the crime lord known as Black Mask hires the eight deadliest assassins in the DC Universe to kill the vigilante who has been interfering in his operations.",
        "img_url": "https://www.giantbomb.com/api/image/original/2485321-486263.jpg",
        "update": false,
        "genres": [
            9,
            17
        ]
    }
},
{
    "model": "game_database.game",
    "pk": 46,
    "fields": {
        "title": "FTL: Faster Than Light",
        "db_id": "37770",
        "main_time": 11.5,
        "extra_time": 29.5,
        "completion_time": 124.0,
        "release_date": null,
        "description": "In this roguelike space sim, players are tasked with commanding a customized starship on an important mission through a randomized universe, with vile rebels nipping at their heels.",
        "img_url": "https://www.giantbomb.com/api/image/original/2326566-ftl_box.jpg",
        "update": false,
        "genres": [
            1,
            12
        ]
    }
},
{
    "model": "game_database.game",
    "pk": 47,
    "fields": {
        "title": "Xenon Valkyrie",
        "db_id": "58180",
        "main_time": 0.0,
        "extra_time": 12.0,
        "completion_time": 0.0,
        "release_date": null,
        "description": "Xenon Valkyrie is a rogue-like side-scrolling action-adventure game for Windows, Mac, and Linux developed by Diabolical Mind.",
        "img_url": "https://www.giantbomb.com/api/image/original/2918245-7308933481-",
        "update": false,
        "genres": []
    }
},
{
    "model": "game_database.game",
    "pk": 48,
    "fields": {
        "title": "Kingdom",
        "db_id": "47635",
        "main_time": 8.5,
        "extra_time": 18.0,
        "completion_time": 36.5,
        "release_date": null,
        "description": "A very minimal strategy game that encourages players to stop and enjoy the scenery.",
        "img_url": "https://www.giantbomb.com/api/image/original/2784516-14369-b.png",
        "update": false,
        "genres": [
            1,
            5,
            10
        ]
    }
},
{
    "model": "game_database.game",
    "pk": 49,
    "fields": {
        "title": "Viscera Cleanup Detail: Shadow Warrior",
        "db_id": "44694",
        "main_time": 1.5,
        "extra_time": 2.0,
        "completion_time": 2.0,
        "release_date": null,
        "description": "A cleaning simulator by RuneStorm that is set in the Shadow Warrior universe.",
        "img_url": "https://www.giantbomb.com/api/image/original/3140511-box_vcdsw.png",
        "update": false,
        "genres": [
            7,
            10
        ]
    }
},
{
    "model": "game_database.game",
    "pk": 50,
    "fields": {
        "title": "Galak-Z",
        "db_id": "42925",
        "main_time": 9.0,
        "extra_time": 14.0,
        "completion_time": 0.0,
        "release_date": null,
        "description": "Galak-Z is a sci-fi roguelike space shooter inspired by anime of the 1970s and '80s.",
        "img_url": "https://www.giantbomb.com/api/image/original/2496428-gz.jpg",
        "update": false,
        "genres": [
            11
        ]
    }
},
{
    "model": "game_database.game",
    "pk": 51,
    "fields": {
        "title": "Serious Sam: The First Encounter",
        "db_id": "27152",
        "main_time": 6.0,
        "extra_time": 7.5,
        "completion_time": 10.5,
        "release_date": null,
        "description": "A first-person shooter where players shoot hordes of relentless monsters while trying to save Earth from Mental and his forces.",
        "img_url": "https://www.giantbomb.com/api/image/original/1824062-box_ssamfe.jpg",
        "update": false,
        "genres": [
            7,
            13
        ]
    }
},
{
    "model": "game_database.game",
    "pk": 52,
    "fields": {
        "title": "The Wolf Among Us",
        "db_id": "34213",
        "main_time": 9.0,
        "extra_time": 0.0,
        "completion_time": 0.0,
        "release_date": null,
        "description": "A prequel to the Fables comic book series, The Wolf Among Us tells a tale of the reformed Big Bad Wolf of childhood folklore (who is the sheriff of a secluded community of fables in 20th century New York City) as he investigates a series of grisly murders.",
        "img_url": "https://www.giantbomb.com/api/image/original/3039239-box_twauttgs.png",
        "update": false,
        "genres": [
            5
        ]
    }
},
{
    "model": "game_database.game",
    "pk": 53,
    "fields": {
        "title": "That Dragon, Cancer",
        "db_id": "43546",
        "main_time": 2.0,
        "extra_time": 2.0,
        "completion_time": 2.0,
        "release_date": null,
        "description": "An adventure game focusing on a true story about raising a son who has terminal cancer.",
        "img_url": "https://www.giantbomb.com/api/image/original/2814311-0694125108-capsu.jpg",
        "update": false,
        "genres": [
            5
        ]
    }
},
{
    "model": "game_database.game",
    "pk": 54,
    "fields": {
        "title": "Master of Orion",
        "db_id": "49906",
        "main_time": 30.0,
        "extra_time": 0.0,
        "completion_time": 0.0,
        "release_date": null,
        "description": "A reboot of the space-faring 4X franchise, Master of Orion. It is being developed by NGD studios and published by World of Tanks' creators, Wargaming.",
        "img_url": "https://www.giantbomb.com/api/image/original/2763901-6576315634-capsu.jpg",
        "update": false,
        "genres": [
            1
        ]
    }
},
{
    "model": "game_database.game",
    "pk": 55,
    "fields": {
        "title": "Enter the Gungeon",
        "db_id": "48332",
        "main_time": 16.5,
        "extra_time": 43.5,
        "completion_time": 149.0,
        "release_date": null,
        "description": "Four unlikely heroes must fight through a fortress inhabited by large sentient bullets (among other gun-related creatures) seeking a legendary weapon in this gun-themed rogue-like \"bullet hell\" shooter.",
        "img_url": "https://www.giantbomb.com/api/image/original/2948220-box_etg.png",
        "update": false,
        "genres": [
            4,
            9,
            12
        ]
    }
},
{
    "model": "game_database.game",
    "pk": 56,
    "fields": {
        "title": "Furi",
        "db_id": "52304",
        "main_time": 6.0,
        "extra_time": 7.5,
        "completion_time": 16.5,
        "release_date": null,
        "description": "Furi is an ultra-responsive mix of fast-paced sword fighting and dual-stick shooting. Featuring character designs by Takashi Okazaki, creator of Afro Samurai and a explosive electro soundtrack.",
        "img_url": "https://www.giantbomb.com/api/image/original/2993431-box_furi.png",
        "update": false,
        "genres": [
            7,
            18
        ]
    }
},
{
    "model": "game_database.game",
    "pk": 57,
    "fields": {
        "title": "Owlboy",
        "db_id": "23714",
        "main_time": 8.0,
        "extra_time": 10.0,
        "completion_time": 12.5,
        "release_date": null,
        "description": "A 2D platforming action-adventure developed by D-pad Studios for PC.",
        "img_url": "https://www.giantbomb.com/api/image/original/3017059-box_ob.png",
        "update": false,
        "genres": [
            8,
            9
        ]
    }
},
{
    "model": "game_database.game",
    "pk": 58,
    "fields": {
        "title": "Night in the Woods",
        "db_id": "44986",
        "main_time": 8.5,
        "extra_time": 12.0,
        "completion_time": 23.0,
        "release_date": null,
        "description": "A story-focused platforming adventure/exploration game with a striking and colorful art style. Taking place in a small town of anthropomorphic animals, the game revolves around college dropout Mae as she tries to get reacquainted with her hometown.",
        "img_url": "https://www.giantbomb.com/api/image/original/2993643-box_nitw.png",
        "update": false,
        "genres": [
            5,
            8
        ]
    }
},
{
    "model": "game_database.game",
    "pk": 59,
    "fields": {
        "title": "Hollow Knight",
        "db_id": "48412",
        "main_time": 24.0,
        "extra_time": 36.5,
        "completion_time": 51.0,
        "release_date": null,
        "description": "A 2D exploration action adventure game, developed by Team Cherry.",
        "img_url": "https://www.giantbomb.com/api/image/original/3138852-box_hk.png",
        "update": false,
        "genres": [
            8,
            9
        ]
    }
},
{
    "model": "game_database.game",
    "pk": 60,
    "fields": {
        "title": "Euro Truck Simulator 2",
        "db_id": "40197",
        "main_time": 40.5,
        "extra_time": 69.0,
        "completion_time": 362.0,
        "release_date": null,
        "description": "Travel across Europe as a trucker delivering cargo in a variety of trucks.",
        "img_url": "https://www.giantbomb.com/api/image/original/3140522-box_ets2.png",
        "update": false,
        "genres": [
            10,
            16
        ]
    }
},
{
    "model": "game_database.game",
    "pk": 61,
    "fields": {
        "title": "Europa Universalis",
        "db_id": "11305",
        "main_time": 0.0,
        "extra_time": 20.0,
        "completion_time": 0.0,
        "release_date": null,
        "description": "Based on a French board game of the same name, Europa Universalis allows players to take control of a civilization between 1492 and 1792",
        "img_url": "https://www.giantbomb.com/api/image/original/2331102-box_eu.png",
        "update": false,
        "genres": [
            1,
            10
        ]
    }
},
{
    "model": "game_database.game",
    "pk": 62,
    "fields": {
        "title": "Farming Simulator 17",
        "db_id": "54151",
        "main_time": 37.0,
        "extra_time": 150.0,
        "completion_time": 0.0,
        "release_date": null,
        "description": "The newest game in the Farming Simulator franchise for consoles and the PC.",
        "img_url": "https://www.giantbomb.com/api/image/original/3037741-box_fs17.png",
        "update": false,
        "genres": [
            10
        ]
    }
},
{
    "model": "game_database.game",
    "pk": 63,
    "fields": {
        "title": "Final Fantasy XV",
        "db_id": "21006",
        "main_time": 28.0,
        "extra_time": 54.0,
        "completion_time": 93.0,
        "release_date": null,
        "description": "The fifteenth entry in Square Enix's flagship RPG franchise, set in a world that mixes elements of modern technology with magic, a fantasy based on reality.",
        "img_url": "https://www.giantbomb.com/api/image/original/2903750-final%20fantasy%20xv%20v3.jpg",
        "update": false,
        "genres": [
            7,
            9,
            12
        ]
    }
},
{
    "model": "game_database.game",
    "pk": 64,
    "fields": {
        "title": "Hearts of Iron IV",
        "db_id": "45214",
        "main_time": 48.5,
        "extra_time": 311.0,
        "completion_time": 454.0,
        "release_date": null,
        "description": "The next entry in the series of WWII wargames from Paradox Interactive.",
        "img_url": "https://www.giantbomb.com/api/image/original/2594042-gaming-hearts-of-iron-4.jpg",
        "update": false,
        "genres": [
            1
        ]
    }
},
{
    "model": "game_database.game",
    "pk": 65,
    "fields": {
        "title": "Hitman",
        "db_id": "45150",
        "main_time": 10.5,
        "extra_time": 26.5,
        "completion_time": 95.0,
        "release_date": null,
        "description": "The sixth game in IO Interactive's stealth murder franchise, simply titled Hitman, adopts an episodic design which continually introduces new assassination contracts for players to undertake.",
        "img_url": "https://www.giantbomb.com/api/image/original/3124186-1671936150-packs.jpg",
        "update": false,
        "genres": [
            9
        ]
    }
},
{
    "model": "game_database.game",
    "pk": 66,
    "fields": {
        "title": "Just Cause 3",
        "db_id": "48207",
        "main_time": 17.0,
        "extra_time": 34.0,
        "completion_time": 57.0,
        "release_date": null,
        "description": "Battle a dictator's forces in a fictional Mediterranean archipelago in this follow-up to the popular series from Avalanche Studios and Square-Enix.",
        "img_url": "https://www.giantbomb.com/api/image/original/2996057-box_jc3.png",
        "update": false,
        "genres": [
            7
        ]
    }
},
{
    "model": "game_database.game",
    "pk": 67,
    "fields": {
        "title": "Life Is Strange: Before the Storm",
        "db_id": "59903",
        "main_time": 10.0,
        "extra_time": 11.0,
        "completion_time": 12.5,
        "release_date": null,
        "description": "A prequel to the initial Life is Strange game, focused on Chloe's life.",
        "img_url": "https://www.giantbomb.com/api/image/original/2945312-screen%20shot%202017-06-11%20at%208.09.07%20pm.png",
        "update": false,
        "genres": [
            5
        ]
    }
},
{
    "model": "game_database.platform",
    "pk": 1,
    "fields": {
        "name": "PC",
        "db_id": "94",
        "description": "The PC (Personal Computer) is a highly configurable and upgradable gaming platform that, among home systems, sports the widest variety of control methods, largest library of games, and cutting edge graphics and sound capabilities.",
        "img_url": "https://www.giantbomb.com/api/image/original/1650285-ibm_pc_5150.jpg",
        "update": false
    }
},
{
    "model": "game_database.gameversion",
    "pk": 1,
    "fields": {
        "parent_game": 1,
        "platform": 1,
        "release_date": "2016-04-22",
        "db_id": "147284",
        "update": false,
        "publishers": [],
        "developers": []
    }
},
{
    "model": "game_database.gameversion",
    "pk": 2,
    "fields": {
        "parent_game": 2,
        "platform": 1,
        "release_date": null,
        "db_id": "",
        "update": true,
        "publishers": [],
        "developers": []
    }
},
{
    "model": "game_database.gameversion",
    "pk": 3,
    "fields": {
        "parent_game": 3,
        "platform": 1,
        "release_date": "2010-09-08",
        "db_id": "104196",
        "update": false,
        "publishers": [],
        "developers": []
    }
},
{
    "model": "game_database.gameversion",
    "pk": 4,
    "fields": {
        "parent_game": 4,
        "platform": 1,
        "release_date": "2016-10-04",
        "db_id": "149783",
        "update": false,
        "publishers": [],
        "developers": []
    }
},
{
    "model": "game_database.gameversion",
    "pk": 5,
    "fields": {
        "parent_game": 5,
        "platform": 1,
        "release_date": "2015-04-21",
        "db_id": "140974",
        "update": false,
        "publishers": [],
        "developers": []
    }
},
{
    "model": "game_database.gameversion",
    "pk": 6,
    "fields": {
        "parent_game": 6,
        "platform": 1,
        "release_date": "2015-06-23",
        "db_id": "137781",
        "update": false,
        "publishers": [],
        "developers": []
    }
},
{
    "model": "game_database.gameversion",
    "pk": 7,
    "fields": {
        "parent_game": 7,
        "platform": 1,
        "release_date": null,
        "db_id": "",
        "update": true,
        "publishers": [],
        "developers": []
    }
},
{
    "model": "game_database.gameversion",
    "pk": 8,
    "fields": {
        "parent_game": 8,
        "platform": 1,
        "release_date": "2010-01-05",
        "db_id": "73858",
        "update": false,
        "publishers": [],
        "developers": []
    }
},
{
    "model": "game_database.gameversion",
    "pk": 9,
    "fields": {
        "parent_game": 9,
        "platform": 1,
        "release_date": "2016-08-08",
        "db_id": "158105",
        "update": false,
        "publishers": [],
        "developers": []
    }
},
{
    "model": "game_database.gameversion",
    "pk": 10,
    "fields": {
        "parent_game": 10,
        "platform": 1,
        "release_date": "2016-11-09",
        "db_id": "151420",
        "update": false,
        "publishers": [],
        "developers": []
    }
},
{
    "model": "game_database.gameversion",
    "pk": 11,
    "fields": {
        "parent_game": 11,
        "platform": 1,
        "release_date": "2015-02-25",
        "db_id": "140455",
        "update": false,
        "publishers": [],
        "developers": []
    }
},
{
    "model": "game_database.gameversion",
    "pk": 12,
    "fields": {
        "parent_game": 12,
        "platform": 1,
        "release_date": "2014-10-20",
        "db_id": "129705",
        "update": false,
        "publishers": [],
        "developers": []
    }
},
{
    "model": "game_database.gameversion",
    "pk": 13,
    "fields": {
        "parent_game": 13,
        "platform": 1,
        "release_date": "2015-10-15",
        "db_id": "144366",
        "update": false,
        "publishers": [],
        "developers": []
    }
},
{
    "model": "game_database.gameversion",
    "pk": 14,
    "fields": {
        "parent_game": 14,
        "platform": 1,
        "release_date": "2015-07-20",
        "db_id": "142722",
        "update": false,
        "publishers": [],
        "developers": []
    }
},
{
    "model": "game_database.gameversion",
    "pk": 15,
    "fields": {
        "parent_game": 15,
        "platform": 1,
        "release_date": "2013-09-13",
        "db_id": "129591",
        "update": false,
        "publishers": [],
        "developers": []
    }
},
{
    "model": "game_database.gameversion",
    "pk": 16,
    "fields": {
        "parent_game": 16,
        "platform": 1,
        "release_date": "2015-12-05",
        "db_id": "130915",
        "update": false,
        "publishers": [],
        "developers": []
    }
},
{
    "model": "game_database.gameversion",
    "pk": 17,
    "fields": {
        "parent_game": 17,
        "platform": 1,
        "release_date": "2016-01-19",
        "db_id": "144494",
        "update": false,
        "publishers": [],
        "developers": []
    }
},
{
    "model": "game_database.gameversion",
    "pk": 18,
    "fields": {
        "parent_game": 18,
        "platform": 1,
        "release_date": "2007-08-04",
        "db_id": "19698",
        "update": false,
        "publishers": [],
        "developers": []
    }
},
{
    "model": "game_database.gameversion",
    "pk": 19,
    "fields": {
        "parent_game": 19,
        "platform": 1,
        "release_date": "2017-09-12",
        "db_id": "156297",
        "update": false,
        "publishers": [],
        "developers": []
    }
},
{
    "model": "game_database.gameversion",
    "pk": 20,
    "fields": {
        "parent_game": 20,
        "platform": 1,
        "release_date": "2017-04-18",
        "db_id": "153581",
        "update": false,
        "publishers": [],
        "developers": []
    }
},
{
    "model": "game_database.gameversion",
    "pk": 21,
    "fields": {
        "parent_game": 21,
        "platform": 1,
        "release_date": "2013-10-17",
        "db_id": "130853",
        "update": false,
        "publishers": [],
        "developers": []
    }
},
{
    "model": "game_database.gameversion",
    "pk": 22,
    "fields": {
        "parent_game": 22,
        "platform": 1,
        "release_date": "2012-06-30",
        "db_id": "120481",
        "update": false,
        "publishers": [],
        "developers": []
    }
},
{
    "model": "game_database.gameversion",
    "pk": 23,
    "fields": {
        "parent_game": 23,
        "platform": 1,
        "release_date": "2009-10-13",
        "db_id": "73327",
        "update": false,
        "publishers": [],
        "developers": []
    }
},
{
    "model": "game_database.gameversion",
    "pk": 24,
    "fields": {
        "parent_game": 24,
        "platform": 1,
        "release_date": "2015-12-22",
        "db_id": "168297",
        "update": false,
        "publishers": [],
        "developers": []
    }
},
{
    "model": "game_database.gameversion",
    "pk": 25,
    "fields": {
        "parent_game": 25,
        "platform": 1,
        "release_date": "2015-09-01",
        "db_id": "128086",
        "update": false,
        "publishers": [],
        "developers": []
    }
},
{
    "model": "game_database.gameversion",
    "pk": 26,
    "fields": {
        "parent_game": 26,
        "platform": 1,
        "release_date": "2007-12-04",
        "db_id": "74085",
        "update": false,
        "publishers": [],
        "developers": []
    }
},
{
    "model": "game_database.gameversion",
    "pk": 27,
    "fields": {
        "parent_game": 27,
        "platform": 1,
        "release_date": "2011-10-18",
        "db_id": "98633",
        "update": false,
        "publishers": [],
        "developers": []
    }
},
{
    "model": "game_database.gameversion",
    "pk": 28,
    "fields": {
        "parent_game": 28,
        "platform": 1,
        "release_date": "2015-02-17",
        "db_id": "140151",
        "update": false,
        "publishers": [],
        "developers": []
    }
},
{
    "model": "game_database.gameversion",
    "pk": 29,
    "fields": {
        "parent_game": 29,
        "platform": 1,
        "release_date": "2013-02-19",
        "db_id": "84188",
        "update": false,
        "publishers": [],
        "developers": []
    }
},
{
    "model": "game_database.gameversion",
    "pk": 30,
    "fields": {
        "parent_game": 30,
        "platform": 1,
        "release_date": "2013-09-17",
        "db_id": "121148",
        "update": false,
        "publishers": [],
        "developers": []
    }
},
{
    "model": "game_database.gameversion",
    "pk": 31,
    "fields": {
        "parent_game": 31,
        "platform": 1,
        "release_date": "2016-05-13",
        "db_id": "137133",
        "update": false,
        "publishers": [],
        "developers": []
    }
},
{
    "model": "game_database.gameversion",
    "pk": 32,
    "fields": {
        "parent_game": 32,
        "platform": 1,
        "release_date": null,
        "db_id": "",
        "update": true,
        "publishers": [],
        "developers": []
    }
},
{
    "model": "game_database.gameversion",
    "pk": 33,
    "fields": {
        "parent_game": 33,
        "platform": 1,
        "release_date": "2015-04-14",
        "db_id": "140418",
        "update": false,
        "publishers": [],
        "developers": []
    }
},
{
    "model": "game_database.gameversion",
    "pk": 34,
    "fields": {
        "parent_game": 34,
        "platform": 1,
        "release_date": "2012-10-23",
        "db_id": "120020",
        "update": false,
        "publishers": [],
        "developers": []
    }
},
{
    "model": "game_database.gameversion",
    "pk": 35,
    "fields": {
        "parent_game": 35,
        "platform": 1,
        "release_date": "2013-09-04",
        "db_id": "121204",
        "update": false,
        "publishers": [],
        "developers": []
    }
},
{
    "model": "game_database.gameversion",
    "pk": 36,
    "fields": {
        "parent_game": 36,
        "platform": 1,
        "release_date": "2014-01-14",
        "db_id": "125581",
        "update": false,
        "publishers": [],
        "developers": []
    }
},
{
    "model": "game_database.gameversion",
    "pk": 37,
    "fields": {
        "parent_game": 37,
        "platform": 1,
        "release_date": "2014-09-19",
        "db_id": "137949",
        "update": false,
        "publishers": [],
        "developers": []
    }
},
{
    "model": "game_database.gameversion",
    "pk": 38,
    "fields": {
        "parent_game": 38,
        "platform": 1,
        "release_date": "2014-03-18",
        "db_id": "133219",
        "update": false,
        "publishers": [],
        "developers": []
    }
},
{
    "model": "game_database.gameversion",
    "pk": 39,
    "fields": {
        "parent_game": 39,
        "platform": 1,
        "release_date": "2013-08-19",
        "db_id": "129205",
        "update": false,
        "publishers": [],
        "developers": []
    }
},
{
    "model": "game_database.gameversion",
    "pk": 40,
    "fields": {
        "parent_game": 40,
        "platform": 1,
        "release_date": "2018-01-11",
        "db_id": "158256",
        "update": false,
        "publishers": [],
        "developers": []
    }
},
{
    "model": "game_database.gameversion",
    "pk": 41,
    "fields": {
        "parent_game": 41,
        "platform": 1,
        "release_date": "2016-06-28",
        "db_id": "148315",
        "update": false,
        "publishers": [],
        "developers": []
    }
},
{
    "model": "game_database.gameversion",
    "pk": 42,
    "fields": {
        "parent_game": 42,
        "platform": 1,
        "release_date": "2013-09-12",
        "db_id": "125867",
        "update": false,
        "publishers": [],
        "developers": []
    }
},
{
    "model": "game_database.gameversion",
    "pk": 43,
    "fields": {
        "parent_game": 43,
        "platform": 1,
        "release_date": "2016-03-31",
        "db_id": "147031",
        "update": false,
        "publishers": [],
        "developers": []
    }
},
{
    "model": "game_database.gameversion",
    "pk": 44,
    "fields": {
        "parent_game": 44,
        "platform": 1,
        "release_date": "2014-11-11",
        "db_id": "137767",
        "update": false,
        "publishers": [],
        "developers": []
    }
},
{
    "model": "game_database.gameversion",
    "pk": 45,
    "fields": {
        "parent_game": 45,
        "platform": 1,
        "release_date": "2013-10-25",
        "db_id": "127873",
        "update": false,
        "publishers": [],
        "developers": []
    }
},
{
    "model": "game_database.gameversion",
    "pk": 46,
    "fields": {
        "parent_game": 46,
        "platform": 1,
        "release_date": "2012-09-14",
        "db_id": "119544",
        "update": false,
        "publishers": [],
        "developers": []
    }
},
{
    "model": "game_database.gameversion",
    "pk": 47,
    "fields": {
        "parent_game": 47,
        "platform": 1,
        "release_date": "2017-12-19",
        "db_id": "157787",
        "update": false,
        "publishers": [],
        "developers": []
    }
},
{
    "model": "game_database.gameversion",
    "pk": 48,
    "fields": {
        "parent_game": 48,
        "platform": 1,
        "release_date": "2015-10-21",
        "db_id": "145078",
        "update": false,
        "publishers": [],
        "developers": []
    }
},
{
    "model": "game_database.gameversion",
    "pk": 49,
    "fields": {
        "parent_game": 49,
        "platform": 1,
        "release_date": "2013-10-11",
        "db_id": "155608",
        "update": false,
        "publishers": [],
        "developers": []
    }
},
{
    "model": "game_database.gameversion",
    "pk": 50,
    "fields": {
        "parent_game": 50,
        "platform": 1,
        "release_date": "2015-08-04",
        "db_id": "142537",
        "update": false,
        "publishers": [],
        "developers": []
    }
},
{
    "model": "game_database.gameversion",
    "pk": 51,
    "fields": {
        "parent_game": 51,
        "platform": 1,
        "release_date": "2009-11-24",
        "db_id": "88325",
        "update": false,
        "publishers": [],
        "developers": []
    }
},
{
    "model": "game_database.gameversion",
    "pk": 52,
    "fields": {
        "parent_game": 52,
        "platform": 1,
        "release_date": "2013-10-11",
        "db_id": "130645",
        "update": false,
        "publishers": [],
        "developers": []
    }
},
{
    "model": "game_database.gameversion",
    "pk": 53,
    "fields": {
        "parent_game": 53,
        "platform": 1,
        "release_date": "2016-01-12",
        "db_id": "145600",
        "update": false,
        "publishers": [],
        "developers": []
    }
},
{
    "model": "game_database.gameversion",
    "pk": 54,
    "fields": {
        "parent_game": 54,
        "platform": 1,
        "release_date": "2016-02-26",
        "db_id": "161286",
        "update": false,
        "publishers": [],
        "developers": []
    }
},
{
    "model": "game_database.gameversion",
    "pk": 55,
    "fields": {
        "parent_game": 55,
        "platform": 1,
        "release_date": "2016-04-05",
        "db_id": "147063",
        "update": false,
        "publishers": [],
        "developers": []
    }
},
{
    "model": "game_database.gameversion",
    "pk": 56,
    "fields": {
        "parent_game": 56,
        "platform": 1,
        "release_date": "2016-07-05",
        "db_id": "148385",
        "update": false,
        "publishers": [],
        "developers": []
    }
},
{
    "model": "game_database.gameversion",
    "pk": 57,
    "fields": {
        "parent_game": 57,
        "platform": 1,
        "release_date": "2016-11-01",
        "db_id": "150371",
        "update": false,
        "publishers": [],
        "developers": []
    }
},
{
    "model": "game_database.gameversion",
    "pk": 58,
    "fields": {
        "parent_game": 58,
        "platform": 1,
        "release_date": "2017-02-21",
        "db_id": "152501",
        "update": false,
        "publishers": [],
        "developers": []
    }
},
{
    "model": "game_database.gameversion",
    "pk": 59,
    "fields": {
        "parent_game": 59,
        "platform": 1,
        "release_date": "2017-02-24",
        "db_id": "153503",
        "update": false,
        "publishers": [],
        "developers": []
    }
},
{
    "model": "game_database.gameversion",
    "pk": 60,
    "fields": {
        "parent_game": 60,
        "platform": 1,
        "release_date": "2012-10-18",
        "db_id": "120864",
        "update": false,
        "publishers": [],
        "developers": []
    }
},
{
    "model": "game_database.gameversion",
    "pk": 61,
    "fields": {
        "parent_game": 61,
        "platform": 1,
        "release_date": null,
        "db_id": "",
        "update": true,
        "publishers": [],
        "developers": []
    }
},
{
    "model": "game_database.gameversion",
    "pk": 62,
    "fields": {
        "parent_game": 62,
        "platform": 1,
        "release_date": "2016-10-25",
        "db_id": "149096",
        "update": false,
        "publishers": [],
        "developers": []
    }
},
{
    "model": "game_database.gameversion",
    "pk": 63,
    "fields": {
        "parent_game": 63,
        "platform": 1,
        "release_date": "2016-11-29",
        "db_id": "84917",
        "update": false,
        "publishers": [],
        "developers": []
    }
},
{
    "model": "game_database.gameversion",
    "pk": 64,
    "fields": {
        "parent_game": 64,
        "platform": 1,
        "release_date": "2016-06-06",
        "db_id": "148061",
        "update": false,
        "publishers": [],
        "developers": []
    }
},
{
    "model": "game_database.gameversion",
    "pk": 65,
    "fields": {
        "parent_game": 65,
        "platform": 1,
        "release_date": "2016-03-11",
        "db_id": "146167",
        "update": false,
        "publishers": [],
        "developers": []
    }
},
{
    "model": "game_database.gameversion",
    "pk": 66,
    "fields": {
        "parent_game": 66,
        "platform": 1,
        "release_date": "2015-12-01",
        "db_id": "142149",
        "update": false,
        "publishers": [],
        "developers": []
    }
},
{
    "model": "game_database.gameversion",
    "pk": 67,
    "fields": {
        "parent_game": 67,
        "platform": 1,
        "release_date": "2017-08-31",
        "db_id": "156200",
        "update": false,
        "publishers": [],
        "developers": []
    }
},
{
    "model": "game_collection.queue",
    "pk": 1,
    "fields": {
        "user": 1,
        "game_version": 1,
        "date_adquired": "2018-05-17",
        "time_played": null
    }
},
{
    "model": "game_collection.queue",
    "pk": 2,
    "fields": {
        "user": 1,
        "game_version": 2,
        "date_adquired": "2018-05-17",
        "time_played": null
    }
},
{
    "model": "game_collection.queue",
    "pk": 3,
    "fields": {
        "user": 1,
        "game_version": 3,
        "date_adquired": "2017-01-01",
        "time_played": null
    }
},
{
    "model": "game_collection.queue",
    "pk": 4,
    "fields": {
        "user": 1,
        "game_version": 4,
        "date_adquired": "2018-01-03",
        "time_played": null
    }
},
{
    "model": "game_collection.queue",
    "pk": 5,
    "fields": {
        "user": 1,
        "game_version": 5,
        "date_adquired": "2016-06-03",
        "time_played": null
    }
},
{
    "model": "game_collection.queue",
    "pk": 6,
    "fields": {
        "user": 1,
        "game_version": 6,
        "date_adquired": "2018-10-28",
        "time_played": null
    }
},
{
    "model": "game_collection.queue",
    "pk": 7,
    "fields": {
        "user": 1,
        "game_version": 7,
        "date_adquired": "2018-01-18",
        "time_played": null
    }
},
{
    "model": "game_collection.queue",
    "pk": 8,
    "fields": {
        "user": 1,
        "game_version": 8,
        "date_adquired": "2018-07-31",
        "time_played": null
    }
},
{
    "model": "game_collection.queue",
    "pk": 9,
    "fields": {
        "user": 1,
        "game_version": 9,
        "date_adquired": "2018-05-17",
        "time_played": null
    }
},
{
    "model": "game_collection.queue",
    "pk": 10,
    "fields": {
        "user": 1,
        "game_version": 10,
        "date_adquired": "2018-01-03",
        "time_played": null
    }
},
{
    "model": "game_collection.queue",
    "pk": 11,
    "fields": {
        "user": 1,
        "game_version": 42,
        "date_adquired": "2018-02-19",
        "time_played": null
    }
},
{
    "model": "game_collection.queue",
    "pk": 12,
    "fields": {
        "user": 1,
        "game_version": 43,
        "date_adquired": "2019-03-26",
        "time_played": null
    }
},
{
    "model": "game_collection.queue",
    "pk": 13,
    "fields": {
        "user": 1,
        "game_version": 44,
        "date_adquired": "2016-06-03",
        "time_played": null
    }
},
{
    "model": "game_collection.queue",
    "pk": 14,
    "fields": {
        "user": 1,
        "game_version": 45,
        "date_adquired": "2018-10-28",
        "time_played": null
    }
},
{
    "model": "game_collection.playing",
    "pk": 1,
    "fields": {
        "user": 1,
        "game_version": 11,
        "date_adquired": "2018-05-17",
        "time_played": null,
        "date_started": null
    }
},
{
    "model": "game_collection.playing",
    "pk": 2,
    "fields": {
        "user": 1,
        "game_version": 12,
        "date_adquired": "2018-01-03",
        "time_played": null,
        "date_started": null
    }
},
{
    "model": "game_collection.playing",
    "pk": 3,
    "fields": {
        "user": 1,
        "game_version": 13,
        "date_adquired": "2018-02-19",
        "time_played": null,
        "date_started": null
    }
},
{
    "model": "game_collection.playing",
    "pk": 4,
    "fields": {
        "user": 1,
        "game_version": 14,
        "date_adquired": "2019-03-26",
        "time_played": null,
        "date_started": null
    }
},
{
    "model": "game_collection.playing",
    "pk": 5,
    "fields": {
        "user": 1,
        "game_version": 15,
        "date_adquired": "2016-06-03",
        "time_played": null,
        "date_started": null
    }
},
{
    "model": "game_collection.playing",
    "pk": 6,
    "fields": {
        "user": 1,
        "game_version": 16,
        "date_adquired": "2016-06-03",
        "time_played": null,
        "date_started": null
    }
},
{
    "model": "game_collection.playing",
    "pk": 7,
    "fields": {
        "user": 1,
        "game_version": 17,
        "date_adquired": "2018-10-28",
        "time_played": null,
        "date_started": null
    }
},
{
    "model": "game_collection.playing",
    "pk": 8,
    "fields": {
        "user": 1,
        "game_version": 18,
        "date_adquired": "2018-01-18",
        "time_played": null,
        "date_started": null
    }
},
{
    "model": "game_collection.playing",
    "pk": 9,
    "fields": {
        "user": 1,
        "game_version": 19,
        "date_adquired": "2018-07-31",
        "time_played": null,
        "date_started": null
    }
},
{
    "model": "game_collection.playing",
    "pk": 10,
    "fields": {
        "user": 1,
        "game_version": 20,
        "date_adquired": "2018-05-17",
        "time_played": null,
        "date_started": null
    }
},
{
    "model": "game_collection.playing",
    "pk": 11,
    "fields": {
        "user": 1,
        "game_version": 46,
        "date_adquired": "2018-05-17",
        "time_played": null,
        "date_started": null
    }
},
{
    "model": "game_collection.playing",
    "pk": 12,
    "fields": {
        "user": 1,
        "game_version": 47,
        "date_adquired": "2017-01-01",
        "time_played": null,
        "date_started": null
    }
},
{
    "model": "game_collection.playing",
    "pk": 13,
    "fields": {
        "user": 1,
        "game_version": 48,
        "date_adquired": "2018-01-03",
        "time_played": null,
        "date_started": null
    }
},
{
    "model": "game_collection.finished",
    "pk": 1,
    "fields": {
        "user": 1,
        "game_version": 21,
        "date_adquired": "2016-07-03",
        "time_played": null,
        "date_started": null,
        "date_finished": "2016-07-17",
        "time_to_finish": null,
        "playstyle": ""
    }
},
{
    "model": "game_collection.finished",
    "pk": 2,
    "fields": {
        "user": 1,
        "game_version": 22,
        "date_adquired": "2016-07-03",
        "time_played": null,
        "date_started": null,
        "date_finished": "2016-07-17",
        "time_to_finish": null,
        "playstyle": ""
    }
},
{
    "model": "game_collection.finished",
    "pk": 3,
    "fields": {
        "user": 1,
        "game_version": 23,
        "date_adquired": "2016-07-03",
        "time_played": null,
        "date_started": null,
        "date_finished": "2016-07-19",
        "time_to_finish": null,
        "playstyle": ""
    }
},
{
    "model": "game_collection.finished",
    "pk": 4,
    "fields": {
        "user": 1,
        "game_version": 24,
        "date_adquired": "2016-03-06",
        "time_played": null,
        "date_started": null,
        "date_finished": "2016-07-19",
        "time_to_finish": null,
        "playstyle": ""
    }
},
{
    "model": "game_collection.finished",
    "pk": 5,
    "fields": {
        "user": 1,
        "game_version": 25,
        "date_adquired": "2016-07-03",
        "time_played": null,
        "date_started": null,
        "date_finished": "2016-07-29",
        "time_to_finish": null,
        "playstyle": ""
    }
},
{
    "model": "game_collection.finished",
    "pk": 6,
    "fields": {
        "user": 1,
        "game_version": 26,
        "date_adquired": "2016-07-04",
        "time_played": null,
        "date_started": null,
        "date_finished": "2016-08-14",
        "time_to_finish": null,
        "playstyle": ""
    }
},
{
    "model": "game_collection.finished",
    "pk": 7,
    "fields": {
        "user": 1,
        "game_version": 27,
        "date_adquired": "2016-07-03",
        "time_played": null,
        "date_started": null,
        "date_finished": "2016-08-16",
        "time_to_finish": null,
        "playstyle": ""
    }
},
{
    "model": "game_collection.finished",
    "pk": 8,
    "fields": {
        "user": 1,
        "game_version": 28,
        "date_adquired": "2016-07-03",
        "time_played": null,
        "date_started": null,
        "date_finished": "2016-08-19",
        "time_to_finish": null,
        "playstyle": ""
    }
},
{
    "model": "game_collection.finished",
    "pk": 9,
    "fields": {
        "user": 1,
        "game_version": 29,
        "date_adquired": "2016-07-03",
        "time_played": null,
        "date_started": null,
        "date_finished": "2016-08-22",
        "time_to_finish": null,
        "playstyle": ""
    }
},
{
    "model": "game_collection.finished",
    "pk": 10,
    "fields": {
        "user": 1,
        "game_version": 30,
        "date_adquired": "2016-06-30",
        "time_played": null,
        "date_started": null,
        "date_finished": "2016-09-03",
        "time_to_finish": null,
        "playstyle": ""
    }
},
{
    "model": "game_collection.finished",
    "pk": 11,
    "fields": {
        "user": 1,
        "game_version": 31,
        "date_adquired": "2016-12-21",
        "time_played": null,
        "date_started": null,
        "date_finished": "2016-12-26",
        "time_to_finish": null,
        "playstyle": ""
    }
},
{
    "model": "game_collection.finished",
    "pk": 12,
    "fields": {
        "user": 1,
        "game_version": 32,
        "date_adquired": "2016-03-06",
        "time_played": null,
        "date_started": null,
        "date_finished": "2016-12-26",
        "time_to_finish": null,
        "playstyle": ""
    }
},
{
    "model": "game_collection.finished",
    "pk": 13,
    "fields": {
        "user": 1,
        "game_version": 33,
        "date_adquired": "2016-11-02",
        "time_played": null,
        "date_started": null,
        "date_finished": "2017-01-01",
        "time_to_finish": null,
        "playstyle": ""
    }
},
{
    "model": "game_collection.finished",
    "pk": 14,
    "fields": {
        "user": 1,
        "game_version": 34,
        "date_adquired": "2016-07-04",
        "time_played": null,
        "date_started": null,
        "date_finished": "2017-01-26",
        "time_to_finish": null,
        "playstyle": ""
    }
},
{
    "model": "game_collection.finished",
    "pk": 15,
    "fields": {
        "user": 1,
        "game_version": 35,
        "date_adquired": "2016-03-06",
        "time_played": null,
        "date_started": null,
        "date_finished": "2017-01-26",
        "time_to_finish": null,
        "playstyle": ""
    }
},
{
    "model": "game_collection.finished",
    "pk": 16,
    "fields": {
        "user": 1,
        "game_version": 36,
        "date_adquired": "2015-06-14",
        "time_played": null,
        "date_started": null,
        "date_finished": "2017-01-27",
        "time_to_finish": null,
        "playstyle": ""
    }
},
{
    "model": "game_collection.finished",
    "pk": 17,
    "fields": {
        "user": 1,
        "game_version": 37,
        "date_adquired": "2016-07-03",
        "time_played": null,
        "date_started": null,
        "date_finished": "2017-01-28",
        "time_to_finish": null,
        "playstyle": ""
    }
},
{
    "model": "game_collection.finished",
    "pk": 18,
    "fields": {
        "user": 1,
        "game_version": 50,
        "date_adquired": "2016-08-27",
        "time_played": null,
        "date_started": null,
        "date_finished": "2016-12-21",
        "time_to_finish": null,
        "playstyle": ""
    }
},
{
    "model": "game_collection.finished",
    "pk": 19,
    "fields": {
        "user": 1,
        "game_version": 51,
        "date_adquired": "2016-07-04",
        "time_played": null,
        "date_started": null,
        "date_finished": "2016-12-22",
        "time_to_finish": null,
        "playstyle": ""
    }
},
{
    "model": "game_collection.played",
    "pk": 1,
    "fields": {
        "user": 1,
        "game_version": 38,
        "date_adquired": "2014-09-23",
        "time_played": null,
        "date_started": null,
        "date_stopped": null
    }
},
{
    "model": "game_collection.played",
    "pk": 2,
    "fields": {
        "user": 1,
        "game_version": 39,
        "date_adquired": "2014-09-23",
        "time_played": null,
        "date_started": null,
        "date_stopped": null
    }
},
{
    "model": "game_collection.played",
    "pk": 3,
    "fields": {
        "user": 1,
        "game_version": 40,
        "date_adquired": null,
        "time_played": null,
        "date_started": null,
        "date_stopped": null
    }
},
{
    "model": "game_collection.played",
    "pk": 4,
    "fields": {
        "user": 1,
        "game_version": 41,
        "date_adquired": null,
        "time_played": null,
        "date_started": null,
        "date_stopped": null
    }
},
{
    "model": "game_collection.abandoned",
    "pk": 1,
    "fields": {
        "user": 1,
        "game_version": 49,
        "date_adquired": null,
        "time_played": null,
        "date_started": null,
        "date_abandoned": null
    }
},
{
    "model": "game_collection.wishlist",
    "pk": 1,
    "fields": {
        "user": 1,
        "game_version": 52,
        "date_added": "2019-11-17"
    }
},
{
    "model": "game_collection.wishlist",
    "pk": 2,
    "fields": {
        "user": 1,
        "game_version": 53,
        "date_added": "2019-11-17"
    }
},
{
    "model": "game_collection.wishlist",
    "pk": 3,
    "fields": {
        "user": 1,
        "game_version": 54,
        "date_added": "2019-11-17"
    }
},
{
    "model": "game_collection.wishlist",
    "pk": 4,
    "fields": {
        "user": 1,
        "game_version": 55,
        "date_added": "2019-11-17"
    }
},
{
    "model": "game_collection.wishlist",
    "pk": 5,
    "fields": {
        "user": 1,
        "game_version": 56,
        "date_added": "2019-11-17"
    }
},
{
    "model": "game_collection.wishlist",
    "pk": 6,
    "fields": {
        "user": 1,
        "game_version": 57,
        "date_added": "2019-11-17"
    }
},
{
    "model": "game_collection.wishlist",
    "pk": 7,
    "fields": {
        "user": 1,
        "game_version": 58,
        "date_added": "2019-11-17"
    }
},
{
    "model": "game_collection.wishlist",
    "pk": 8,
    "fields": {
        "user": 1,
        "game_version": 59,
        "date_added": "2019-11-17"
    }
},
{
    "model": "game_collection.interested",
    "pk": 1,
    "fields": {
        "user": 1,
        "game_version": 60,
        "date_added": "2019-11-17"
    }
},
{
    "model": "game_collection.interested",
    "pk": 2,
    "fields": {
        "user": 1,
        "game_version": 61,
        "date_added": "2019-11-17"
    }
},
{
    "model": "game_collection.interested",
    "pk": 3,
    "fields": {
        "user": 1,
        "game_version": 62,
        "date_added": "2019-11-17"
    }
},
{
    "model": "game_collection.interested",
    "pk": 4,
    "fields": {
        "user": 1,
        "game_version": 63,
        "date_added": "2019-11-17"
    }
},
{
    "model": "game_collection.interested",
    "pk": 5,
    "fields": {
        "user": 1,
        "game_version": 64,
        "date_added": "2019-11-17"
    }
},
{
    "model": "game_collection.interested",
    "pk": 6,
    "fields": {
        "user": 1,
        "game_version": 65,
        "date_added": "2019-11-17"
    }
},
{
    "model": "game_collection.interested",
    "pk": 7,
    "fields": {
        "user": 1,
        "game_version": 66,
        "date_added": "2019-11-17"
    }
},
{
    "model": "game_collection.interested",
    "pk": 8,
    "fields": {
        "user": 1,
        "game_version": 67,
        "date_added": "2019-11-17"
    }
},
{
    "model": "game_collection.tag",
    "pk": 1,
    "fields": {
        "user": 1,
        "name": "",
        "tag_group": null,
        "game_version": [
            1,
            2,
            3,
            4,
            5,
            6,
            7,
            8,
            9,
            10,
            11,
            12,
            13,
            14,
            15,
            16,
            17,
            18,
            19,
            20,
            21,
            22,
            23,
            24,
            25,
            26,
            27,
            28,
            29,
            30,
            31,
            32,
            33,
            34,
            35,
            36,
            37,
            38,
            39,
            40,
            41,
            42,
            43,
            44,
            45,
            46,
            47,
            48,
            49,
            50,
            51,
            52,
            53,
            54,
            55,
            56,
            57,
            58,
            59,
            60,
            61,
            62,
            63,
            64,
            65,
            66,
            67
        ]
    }
}
]
